,County Name,Year,Month,County FIPS,All Events,Events of EF2+,DEATHS_DIRECT,INJURIES_DIRECT,INJURIES_INDIRECT,DEATHS_INDIRECT
0,ADAMS,2007,10,1,1,0,0,0,0,0
1,ADAMS,2008,4,1,1,0,0,0,0,0
2,ADAMS,2008,12,1,2,0,0,0,0,0
3,ADAMS,2009,6,1,1,0,0,0,0,0
4,ADAMS,2023,8,1,1,0,0,0,0,0
5,ADAMS,2024,10,1,1,0,0,0,0,0
6,ALEXANDER,2011,4,3,1,1,0,0,0,0
7,ALEXANDER,2013,10,3,2,0,0,0,0,0
8,ALEXANDER,2015,7,3,1,0,0,0,0,0
9,BOND,2010,12,5,1,0,0,0,0,0
10,BOND,2011,2,5,1,0,0,0,0,0
11,BOND,2011,4,5,1,0,0,0,0,0
12,BOND,2014,2,5,1,0,0,0,0,0
13,BOND,2021,12,5,1,0,0,0,0,0
14,BOND,2022,5,5,1,0,0,0,0,0
15,BOONE,2008,1,7,1,1,0,4,0,0
16,BOONE,2008,6,7,1,0,0,0,0,0
17,BOONE,2009,7,7,1,0,0,0,0,0
18,BOONE,2015,4,7,5,0,0,0,0,0
19,BOONE,2017,5,7,1,0,0,0,0,0
20,BOONE,2020,8,7,1,0,0,0,0,0
21,BOONE,2022,4,7,2,0,0,0,0,0
22,BOONE,2023,3,7,2,0,1,40,0,0
23,BOONE,2023,7,7,1,0,0,0,0,0
24,BOONE,2024,5,7,1,0,0,0,0,0
25,BROWN,2009,6,9,1,0,0,0,0,0
26,BROWN,2017,2,9,1,0,0,1,0,0
27,BROWN,2023,10,9,1,0,0,1,0,0
28,BUREAU,2009,7,11,1,0,0,0,0,0
29,BUREAU,2013,6,11,1,0,0,0,0,0
30,BUREAU,2015,5,11,1,0,0,0,0,0
31,BUREAU,2016,6,11,3,0,0,0,0,0
32,BUREAU,2017,2,11,2,0,0,0,0,0
33,BUREAU,2017,3,11,1,0,0,0,0,0
34,BUREAU,2021,8,11,3,0,0,0,0,0
35,BUREAU,2023,3,11,2,0,0,0,0,0
36,BUREAU,2023,5,11,1,0,0,0,0,0
37,BUREAU,2024,5,11,1,0,0,0,0,0
38,CALHOUN,2010,12,13,1,0,0,0,0,0
39,CARROLL,2013,5,15,1,0,0,0,0,0
40,CARROLL,2013,6,15,1,1,0,1,0,0
41,CARROLL,2014,6,15,1,0,0,0,0,0
42,CARROLL,2015,4,15,1,0,0,0,0,0
43,CARROLL,2020,5,15,1,0,0,0,0,0
44,CARROLL,2023,3,15,2,0,0,0,0,0
45,CARROLL,2024,7,15,1,0,0,0,0,0
46,CASS,2014,2,17,1,0,0,0,0,0
47,CASS,2018,12,17,2,0,0,0,0,0
48,CASS,2021,5,17,2,0,0,0,0,0
49,CASS,2021,7,17,3,0,0,0,0,0
50,CASS,2021,12,17,1,1,0,0,0,0
51,CHAMPAIGN,2011,5,19,1,0,0,0,0,0
52,CHAMPAIGN,2012,5,19,2,0,0,0,0,0
53,CHAMPAIGN,2013,11,19,2,2,0,6,0,0
54,CHAMPAIGN,2015,6,19,1,0,0,0,0,0
55,CHAMPAIGN,2016,9,19,1,1,0,0,0,0
56,CHAMPAIGN,2018,6,19,3,0,0,0,0,0
57,CHAMPAIGN,2019,5,19,3,0,0,0,0,0
58,CHAMPAIGN,2021,6,19,1,0,0,0,0,0
59,CHAMPAIGN,2021,7,19,1,0,0,0,0,0
60,CHAMPAIGN,2023,2,19,2,0,0,0,0,0
61,CHAMPAIGN,2023,3,19,1,0,0,0,0,0
62,CHRISTIAN,2007,4,21,1,0,0,0,0,0
63,CHRISTIAN,2008,5,21,1,0,0,0,0,0
64,CHRISTIAN,2009,5,21,1,0,0,0,0,0
65,CHRISTIAN,2010,6,21,1,0,0,0,0,0
66,CHRISTIAN,2011,4,21,3,0,0,0,0,0
67,CHRISTIAN,2013,5,21,1,0,0,0,0,0
68,CHRISTIAN,2013,11,21,1,0,0,0,0,0
69,CHRISTIAN,2014,2,21,1,0,0,0,0,0
70,CHRISTIAN,2015,4,21,1,0,0,0,0,0
71,CHRISTIAN,2017,5,21,1,0,0,0,0,0
72,CHRISTIAN,2018,5,21,1,0,0,0,0,0
73,CHRISTIAN,2018,12,21,3,2,0,22,0,0
74,CHRISTIAN,2019,5,21,3,0,0,0,0,0
75,CHRISTIAN,2019,6,21,1,0,0,0,0,0
76,CHRISTIAN,2019,8,21,2,0,0,0,0,0
77,CHRISTIAN,2021,5,21,1,0,0,0,0,0
78,CHRISTIAN,2022,4,21,1,0,0,0,0,0
79,CHRISTIAN,2023,1,21,1,0,0,0,0,0
80,CHRISTIAN,2023,3,21,2,0,0,0,0,0
81,CHRISTIAN,2023,6,21,4,0,0,0,0,0
82,CHRISTIAN,2023,8,21,1,1,0,0,0,0
83,CLARK,2007,5,23,1,0,0,0,0,0
84,CLARK,2016,9,23,1,0,0,0,0,0
85,CLAY,2009,3,25,1,0,0,0,0,0
86,CLAY,2011,5,25,1,0,0,0,0,0
87,CLAY,2019,5,25,1,0,0,0,0,0
88,CLAY,2021,5,25,2,0,0,0,0,0
89,CLAY,2024,5,25,1,1,0,0,0,0
90,CLINTON,2011,4,27,1,1,0,0,0,0
91,CLINTON,2012,3,27,1,0,0,0,0,0
92,CLINTON,2012,9,27,1,0,0,0,0,0
93,CLINTON,2013,11,27,2,0,0,0,0,0
94,CLINTON,2020,5,27,1,0,0,0,0,0
95,CLINTON,2022,5,27,2,0,0,0,0,0
96,CLINTON,2024,5,27,2,0,0,0,0,0
97,COLES,2008,6,29,1,0,0,0,0,0
98,COLES,2013,6,29,1,0,0,0,0,0
99,COLES,2021,4,29,1,0,0,0,0,0
100,COLES,2021,12,29,2,1,0,0,0,0
101,COOK,2007,5,31,1,0,0,0,0,0
102,COOK,2008,6,31,3,1,0,0,0,0
103,COOK,2008,8,31,1,0,0,0,0,0
104,COOK,2010,6,31,1,0,0,0,0,0
105,COOK,2011,6,31,2,0,0,0,0,0
106,COOK,2015,5,31,1,0,0,0,0,0
107,COOK,2016,8,31,1,0,0,0,0,0
108,COOK,2018,9,31,1,0,0,0,0,0
109,COOK,2019,5,31,1,0,0,0,0,0
110,COOK,2020,8,31,3,0,0,0,0,0
111,COOK,2021,6,31,1,1,0,0,0,0
112,COOK,2022,6,31,2,0,0,0,0,0
113,COOK,2023,7,31,6,0,0,1,0,0
114,COOK,2024,2,31,3,0,0,0,0,0
115,COOK,2024,7,31,14,1,0,0,0,0
116,CRAWFORD,2011,5,33,1,1,0,0,0,0
117,CRAWFORD,2021,7,33,1,0,0,0,0,0
118,CRAWFORD,2023,3,33,1,1,3,8,0,0
119,CUMBERLAND,2018,5,35,1,0,0,0,0,0
120,CUMBERLAND,2019,9,35,1,0,0,0,0,0
121,CUMBERLAND,2021,7,35,1,0,0,0,0,0
122,DE KALB,2011,5,37,1,0,0,0,0,0
123,DE KALB,2013,6,37,1,0,0,0,0,0
124,DE KALB,2015,4,37,2,1,2,11,0,0
125,DE KALB,2020,5,37,1,0,0,0,0,0
126,DE KALB,2020,8,37,1,0,0,0,0,0
127,DE KALB,2020,11,37,1,0,0,0,0,0
128,DE KALB,2021,8,37,6,0,0,0,0,0
129,DE KALB,2023,7,37,1,0,0,0,0,0
130,DE KALB,2024,2,37,2,0,0,0,0,0
131,DE KALB,2024,7,37,2,0,0,0,0,0
132,DE WITT,2009,8,39,1,0,0,0,0,0
133,DE WITT,2010,6,39,1,0,0,0,0,0
134,DE WITT,2023,6,39,1,0,0,0,0,0
135,DOUGLAS,2013,11,41,3,1,0,0,0,0
136,DU PAGE,2007,8,43,1,0,0,0,0,0
137,DU PAGE,2008,8,43,2,0,0,0,0,0
138,DU PAGE,2011,6,43,1,0,0,0,0,0
139,DU PAGE,2015,8,43,2,0,0,0,0,0
140,DU PAGE,2020,8,43,2,0,0,0,0,0
141,DU PAGE,2021,6,43,2,1,0,11,0,0
142,DU PAGE,2022,4,43,1,0,0,0,0,0
143,DU PAGE,2022,6,43,1,0,0,0,0,0
144,DU PAGE,2022,7,43,1,0,0,0,0,0
145,DU PAGE,2023,2,43,1,0,0,0,0,0
146,DU PAGE,2023,3,43,1,0,0,0,0,0
147,DU PAGE,2023,7,43,4,0,0,0,0,0
148,DU PAGE,2024,6,43,3,0,0,0,0,0
149,DU PAGE,2024,7,43,3,0,0,0,0,0
150,EDGAR,2008,7,45,2,0,0,0,0,0
151,EDGAR,2010,5,45,2,0,0,0,0,0
152,EDGAR,2011,4,45,1,0,0,0,0,0
153,EDGAR,2014,2,45,1,0,0,0,0,0
154,EDGAR,2021,12,45,1,1,0,0,0,0
155,EDWARDS,2007,10,47,1,0,0,0,0,0
156,EDWARDS,2012,1,47,1,0,0,0,0,0
157,EDWARDS,2013,11,47,2,2,0,0,0,0
158,EDWARDS,2015,12,47,1,0,0,0,0,0
159,EFFINGHAM,2013,11,49,1,0,0,0,0,0
160,EFFINGHAM,2014,2,49,1,0,0,0,0,0
161,EFFINGHAM,2016,4,49,1,0,0,0,0,0
162,EFFINGHAM,2018,4,49,1,0,0,0,0,0
163,EFFINGHAM,2021,5,49,2,0,0,0,0,0
164,FAYETTE,2008,6,51,1,0,0,0,0,0
165,FAYETTE,2011,2,51,3,2,0,0,0,0
166,FAYETTE,2013,11,51,1,1,0,0,0,0
167,FAYETTE,2014,2,51,1,0,0,0,0,0
168,FAYETTE,2018,4,51,1,1,0,0,0,0
169,FAYETTE,2021,12,51,1,0,0,0,0,0
170,FORD,2010,6,53,1,0,0,0,0,0
171,FORD,2011,5,53,1,0,0,0,0,0
172,FORD,2012,7,53,1,0,0,0,0,0
173,FORD,2013,4,53,1,0,0,0,0,0
174,FORD,2020,6,53,1,0,0,0,0,0
175,FORD,2023,1,53,1,0,0,0,0,0
176,FORD,2023,2,53,1,0,0,0,0,0
177,FORD,2024,6,53,1,0,0,0,0,0
178,FORD,2024,7,53,1,0,0,0,0,0
179,FRANKLIN,2009,5,55,2,0,0,0,0,0
180,FRANKLIN,2009,6,55,1,0,0,0,0,0
181,FRANKLIN,2011,4,55,2,0,0,0,0,0
182,FRANKLIN,2013,1,55,1,0,0,0,0,0
183,FRANKLIN,2015,6,55,1,0,0,0,0,0
184,FRANKLIN,2016,5,55,1,0,0,0,0,0
185,FRANKLIN,2017,2,55,1,1,0,0,0,0
186,FRANKLIN,2021,12,55,1,0,0,0,0,0
187,FRANKLIN,2022,3,55,1,0,0,0,0,0
188,FULTON,2016,3,57,1,0,0,0,0,0
189,FULTON,2018,8,57,1,0,0,0,0,0
190,FULTON,2018,12,57,2,0,0,0,0,0
191,FULTON,2019,5,57,1,0,0,0,0,0
192,FULTON,2019,9,57,1,0,0,0,0,0
193,FULTON,2020,3,57,1,0,0,0,0,0
194,FULTON,2023,4,57,4,1,0,4,0,0
195,FULTON,2023,8,57,2,0,0,0,0,0
196,FULTON,2024,3,57,1,0,0,0,0,0
197,GALLATIN,2011,5,59,1,0,0,0,0,0
198,GALLATIN,2012,2,59,1,1,0,13,0,0
199,GALLATIN,2024,4,59,3,0,0,0,0,0
200,GREENE,2009,3,61,1,0,0,0,0,0
201,GREENE,2009,8,61,1,0,0,0,0,0
202,GREENE,2012,8,61,1,0,0,0,0,0
203,GREENE,2015,5,61,1,0,0,0,0,0
204,GREENE,2018,5,61,1,0,0,0,0,0
205,GREENE,2021,6,61,1,0,0,0,0,0
206,GREENE,2021,10,61,1,1,0,0,0,0
207,GREENE,2024,4,61,1,0,0,0,0,0
208,GRUNDY,2013,5,63,1,0,0,0,0,0
209,GRUNDY,2013,11,63,1,1,0,5,0,0
210,GRUNDY,2014,6,63,1,0,0,0,0,0
211,GRUNDY,2015,6,63,3,1,0,7,0,0
212,GRUNDY,2016,6,63,2,0,0,0,0,0
213,GRUNDY,2017,2,63,1,0,0,0,0,0
214,GRUNDY,2020,5,63,2,0,0,1,0,0
215,GRUNDY,2023,7,63,1,0,0,0,0,0
216,GRUNDY,2024,7,63,1,1,0,0,0,0
217,HAMILTON,2011,4,65,1,0,0,0,0,0
218,HAMILTON,2015,6,65,1,0,0,0,0,0
219,HAMILTON,2020,3,65,1,0,0,0,0,0
220,HANCOCK,2007,6,67,1,0,0,0,0,0
221,HANCOCK,2008,4,67,3,0,0,0,0,0
222,HANCOCK,2017,10,67,1,0,0,0,0,0
223,HANCOCK,2019,5,67,1,0,0,0,0,0
224,HANCOCK,2023,8,67,1,0,0,0,0,0
225,HARDIN,2016,5,69,1,0,0,0,0,0
226,HENDERSON,2015,7,71,1,0,0,0,0,0
227,HENRY,2013,6,73,1,0,0,0,0,0
228,HENRY,2014,7,73,1,0,0,0,0,0
229,HENRY,2015,5,73,1,0,0,0,0,0
230,HENRY,2015,11,73,1,0,0,0,0,0
231,HENRY,2017,5,73,3,1,0,1,0,0
232,HENRY,2018,6,73,1,0,0,0,0,0
233,HENRY,2020,3,73,1,0,0,0,0,0
234,HENRY,2020,5,73,1,0,0,0,0,0
235,HENRY,2020,11,73,1,0,0,0,0,0
236,HENRY,2021,8,73,1,0,0,0,0,0
237,HENRY,2023,3,73,4,4,0,0,0,0
238,HENRY,2023,4,73,3,2,0,0,0,0
239,HENRY,2024,2,73,1,0,0,0,0,0
240,HENRY,2024,5,73,2,0,0,0,0,0
241,HENRY,2024,7,73,3,0,0,0,0,0
242,IROQUOIS,2009,8,75,1,0,0,0,0,0
243,IROQUOIS,2010,6,75,1,0,0,0,0,0
244,IROQUOIS,2012,5,75,1,0,0,0,0,0
245,IROQUOIS,2013,11,75,2,0,0,0,0,0
246,IROQUOIS,2016,6,75,2,0,0,0,0,0
247,IROQUOIS,2019,6,75,1,0,0,0,0,0
248,IROQUOIS,2019,7,75,1,0,0,0,0,0
249,IROQUOIS,2020,6,75,1,0,0,0,0,0
250,IROQUOIS,2021,6,75,1,0,0,0,0,0
251,IROQUOIS,2021,10,75,1,0,0,0,0,0
252,IROQUOIS,2023,3,75,2,0,0,0,0,0
253,JACKSON,2008,5,77,1,0,0,0,0,0
254,JACKSON,2009,5,77,3,0,0,0,0,0
255,JACKSON,2010,4,77,1,0,0,0,0,0
256,JACKSON,2011,4,77,1,0,0,0,0,0
257,JACKSON,2012,2,77,1,1,0,0,0,0
258,JACKSON,2012,3,77,2,0,0,0,0,0
259,JACKSON,2014,2,77,1,0,0,0,0,0
260,JACKSON,2014,4,77,1,0,0,0,0,0
261,JACKSON,2015,6,77,1,0,0,0,0,0
262,JACKSON,2015,12,77,1,0,0,0,0,0
263,JACKSON,2017,2,77,1,1,0,0,0,0
264,JACKSON,2017,3,77,1,0,0,0,0,0
265,JACKSON,2023,8,77,1,0,0,0,0,0
266,JACKSON,2024,5,77,2,0,0,1,0,0
267,JASPER,2013,11,79,1,0,0,0,0,0
268,JASPER,2023,3,79,1,0,0,0,0,0
269,JASPER,2023,8,79,1,0,0,0,0,0
270,JEFFERSON,2008,6,81,1,0,0,0,0,0
271,JEFFERSON,2009,3,81,2,0,0,0,0,0
272,JEFFERSON,2010,6,81,1,0,0,0,0,0
273,JEFFERSON,2011,4,81,2,0,0,0,0,0
274,JEFFERSON,2011,5,81,1,1,0,0,0,0
275,JEFFERSON,2012,3,81,1,1,1,2,0,0
276,JEFFERSON,2013,11,81,1,0,0,0,0,0
277,JEFFERSON,2014,10,81,2,0,0,0,0,0
278,JEFFERSON,2017,8,81,1,0,0,0,0,0
279,JEFFERSON,2020,3,81,1,0,0,0,0,0
280,JEFFERSON,2024,3,81,1,0,0,0,0,0
281,JERSEY,2007,9,83,1,0,0,0,0,0
282,JERSEY,2009,3,83,2,1,0,0,0,0
283,JERSEY,2012,8,83,1,0,0,0,0,0
284,JERSEY,2014,6,83,1,0,0,0,0,0
285,JERSEY,2017,4,83,1,0,0,0,0,0
286,JERSEY,2018,6,83,1,0,0,0,0,0
287,JERSEY,2024,3,83,3,0,0,0,0,0
288,JERSEY,2024,4,83,1,0,0,0,0,0
289,JO DAVIESS,2007,6,85,2,0,0,0,0,0
290,JO DAVIESS,2011,7,85,2,0,0,0,0,0
291,JO DAVIESS,2013,6,85,1,0,0,0,0,0
292,JO DAVIESS,2017,8,85,1,0,0,0,0,0
293,JO DAVIESS,2020,5,85,1,0,0,0,0,0
294,JO DAVIESS,2023,3,85,1,0,0,0,0,0
295,JO DAVIESS,2024,7,85,3,1,0,0,0,0
296,JOHNSON,2011,5,87,1,0,0,0,0,0
297,JOHNSON,2013,10,87,1,0,0,0,0,0
298,JOHNSON,2015,6,87,1,0,0,0,0,0
299,JOHNSON,2024,5,87,2,1,0,1,0,0
300,KANE,2009,8,89,2,0,0,0,0,0
301,KANE,2010,10,89,1,0,0,0,0,0
302,KANE,2018,6,89,1,0,0,0,0,0
303,KANE,2020,5,89,1,0,0,0,0,0
304,KANE,2020,8,89,1,0,0,0,0,0
305,KANE,2020,11,89,1,0,0,0,0,0
306,KANE,2021,8,89,3,0,0,0,0,0
307,KANE,2022,11,89,1,0,0,0,0,0
308,KANE,2023,3,89,3,0,0,0,0,0
309,KANE,2023,7,89,2,0,0,0,0,0
310,KANE,2024,2,89,4,0,0,0,0,0
311,KANE,2024,6,89,1,0,0,0,0,0
312,KANE,2024,7,89,5,0,0,0,0,0
313,KANKAKEE,2007,6,91,1,0,0,0,0,0
314,KANKAKEE,2008,6,91,1,0,0,0,0,0
315,KANKAKEE,2009,3,91,2,0,0,0,0,0
316,KANKAKEE,2010,6,91,3,1,0,1,0,0
317,KANKAKEE,2011,5,91,1,0,0,0,0,0
318,KANKAKEE,2011,6,91,1,0,0,0,0,0
319,KANKAKEE,2013,11,91,1,0,0,0,0,0
320,KANKAKEE,2014,6,91,11,1,0,0,0,0
321,KANKAKEE,2015,6,91,2,0,0,0,0,0
322,KANKAKEE,2016,7,91,1,0,0,0,0,0
323,KANKAKEE,2020,8,91,1,0,0,0,0,0
324,KANKAKEE,2023,5,91,2,0,0,0,0,0
325,KANKAKEE,2023,7,91,2,0,0,0,0,0
326,KANKAKEE,2024,4,91,3,0,0,0,0,0
327,KANKAKEE,2024,7,91,2,0,0,0,0,0
328,KENDALL,2014,6,93,1,0,0,0,0,0
329,KENDALL,2019,5,93,1,0,0,0,0,0
330,KENDALL,2020,5,93,2,0,0,0,0,0
331,KENDALL,2020,8,93,1,0,0,0,0,0
332,KENDALL,2022,11,93,1,0,0,0,0,0
333,KENDALL,2023,2,93,1,0,0,0,0,0
334,KENDALL,2023,3,93,2,0,0,0,0,0
335,KENDALL,2023,7,93,5,0,0,0,0,0
336,KENDALL,2024,7,93,3,0,0,0,0,0
337,KNOX,2010,6,95,2,1,0,0,0,0
338,KNOX,2017,5,95,1,0,0,0,0,0
339,KNOX,2019,5,95,1,0,0,0,0,0
340,KNOX,2020,3,95,1,0,0,0,0,0
341,KNOX,2021,6,95,1,0,0,0,0,0
342,KNOX,2024,7,95,1,0,0,0,0,0
343,LA SALLE,2010,6,99,4,1,0,17,0,0
344,LA SALLE,2013,9,99,1,0,0,0,0,0
345,LA SALLE,2013,11,99,1,1,0,0,0,0
346,LA SALLE,2014,6,99,1,0,0,0,0,0
347,LA SALLE,2015,6,99,3,0,0,0,0,0
348,LA SALLE,2016,6,99,8,1,0,0,0,0
349,LA SALLE,2017,2,99,5,2,2,14,0,0
350,LA SALLE,2018,5,99,1,0,0,0,0,0
351,LA SALLE,2020,8,99,1,0,0,0,0,0
352,LA SALLE,2021,10,99,1,0,0,0,0,0
353,LA SALLE,2023,5,99,1,0,0,0,0,0
354,LA SALLE,2023,7,99,1,0,0,0,0,0
355,LA SALLE,2024,7,99,2,0,0,0,0,0
356,LAKE,2015,8,97,1,0,0,0,0,0
357,LAKE,2019,9,97,1,0,0,1,0,0
358,LAKE,2020,8,97,1,0,0,0,0,0
359,LAKE,2023,7,97,2,0,0,0,0,0
360,LAKE,2024,2,97,1,0,0,1,0,0
361,LAWRENCE,2009,3,101,1,0,0,1,0,0
362,LAWRENCE,2015,6,101,1,0,0,0,0,0
363,LAWRENCE,2024,5,101,1,0,0,0,0,0
364,LEE,2010,10,103,1,0,0,0,0,0
365,LEE,2013,6,103,1,0,0,0,0,0
366,LEE,2015,4,103,1,0,0,0,0,0
367,LEE,2015,6,103,3,1,0,7,0,0
368,LEE,2016,6,103,2,0,0,0,0,0
369,LEE,2019,5,103,1,0,0,0,0,0
370,LEE,2020,7,103,1,0,0,0,0,0
371,LEE,2021,8,103,1,0,0,0,0,0
372,LEE,2023,3,103,3,1,0,0,0,0
373,LEE,2023,8,103,1,0,0,0,0,0
374,LEE,2024,2,103,1,0,0,0,0,0
375,LIVINGSTON,2008,6,105,3,0,0,0,0,0
376,LIVINGSTON,2009,3,105,1,0,0,0,0,0
377,LIVINGSTON,2010,5,105,1,0,0,0,0,0
378,LIVINGSTON,2010,6,105,5,2,1,13,0,0
379,LIVINGSTON,2013,11,105,2,1,0,0,0,0
380,LIVINGSTON,2015,8,105,2,0,0,0,0,0
381,LIVINGSTON,2016,6,105,2,1,0,4,0,0
382,LIVINGSTON,2021,6,105,1,0,0,0,0,0
383,LIVINGSTON,2023,3,105,1,0,0,0,0,0
384,LIVINGSTON,2024,7,105,4,0,0,0,0,0
385,LOGAN,2007,3,107,1,0,0,0,0,0
386,LOGAN,2009,8,107,1,1,0,2,0,0
387,LOGAN,2010,6,107,1,0,0,0,0,0
388,LOGAN,2019,5,107,2,0,0,0,0,0
389,LOGAN,2019,9,107,1,0,0,0,0,0
390,LOGAN,2021,6,107,1,0,0,0,0,0
391,LOGAN,2022,8,107,1,0,0,0,0,0
392,LOGAN,2023,1,107,1,0,0,0,0,0
393,LOGAN,2023,3,107,1,1,0,0,0,0
394,LOGAN,2023,6,107,2,0,0,0,0,0
395,LOGAN,2024,4,107,2,0,0,1,0,0
396,MACON,2007,3,115,1,0,0,1,0,0
397,MACON,2011,5,115,2,0,0,0,0,0
398,MACON,2013,5,115,1,0,0,0,0,0
399,MACON,2014,10,115,3,0,0,0,0,0
400,MACON,2015,7,115,1,0,0,0,0,0
401,MACON,2017,5,115,1,0,0,0,0,0
402,MACON,2018,12,115,3,0,0,0,0,0
403,MACON,2019,5,115,1,0,0,0,0,0
404,MACON,2019,8,115,1,0,0,0,0,0
405,MACON,2020,5,115,1,0,0,0,0,0
406,MACON,2021,6,115,1,0,0,0,0,0
407,MACON,2023,1,115,4,0,0,0,0,0
408,MACON,2023,5,115,1,0,0,0,0,0
409,MACON,2024,4,115,3,0,0,0,0,0
410,MACOUPIN,2007,5,117,2,0,0,0,0,0
411,MACOUPIN,2009,3,117,1,0,0,0,0,0
412,MACOUPIN,2009,5,117,1,0,0,0,0,0
413,MACOUPIN,2011,4,117,1,1,0,2,0,0
414,MACOUPIN,2013,5,117,2,2,0,3,0,0
415,MACOUPIN,2013,11,117,1,0,0,0,0,0
416,MACOUPIN,2017,3,117,1,0,0,0,0,0
417,MACOUPIN,2017,4,117,1,0,0,0,0,0
418,MACOUPIN,2018,12,117,1,0,0,0,0,0
419,MACOUPIN,2019,6,117,1,0,0,0,0,0
420,MACOUPIN,2020,7,117,1,0,0,0,0,0
421,MACOUPIN,2021,6,117,1,0,0,0,0,0
422,MACOUPIN,2023,3,117,1,0,0,0,0,0
423,MACOUPIN,2024,3,117,3,0,0,0,0,0
424,MACOUPIN,2024,4,117,2,0,0,0,0,0
425,MADISON,2007,5,119,1,0,0,0,0,0
426,MADISON,2011,2,119,4,1,0,1,0,0
427,MADISON,2011,4,119,2,2,0,0,0,0
428,MADISON,2012,8,119,1,0,0,0,0,0
429,MADISON,2013,5,119,1,1,0,0,0,0
430,MADISON,2014,2,119,1,0,0,0,0,0
431,MADISON,2021,3,119,1,0,0,0,0,0
432,MADISON,2021,12,119,1,1,6,1,0,0
433,MADISON,2023,4,119,1,0,0,0,0,0
434,MADISON,2024,4,119,4,0,0,0,0,0
435,MARION,2008,2,121,2,0,0,0,0,0
436,MARION,2008,6,121,1,0,0,0,0,0
437,MARION,2011,4,121,1,0,0,0,0,0
438,MARION,2012,3,121,1,0,0,0,0,0
439,MARION,2014,10,121,1,0,0,0,0,0
440,MARION,2015,6,121,1,0,0,0,0,0
441,MARION,2019,6,121,1,0,0,0,0,0
442,MARION,2022,5,121,1,0,0,0,0,0
443,MARION,2023,3,121,1,0,0,0,0,0
444,MARION,2024,4,121,1,0,0,0,0,0
445,MARION,2024,5,121,3,0,0,0,0,0
446,MARSHALL,2010,6,123,1,0,0,0,0,0
447,MARSHALL,2012,9,123,2,0,0,0,0,0
448,MARSHALL,2017,2,123,1,1,0,0,0,0
449,MARSHALL,2024,2,123,1,0,0,0,0,0
450,MARSHALL,2024,7,123,5,0,0,0,0,0
451,MASON,2009,7,125,1,0,0,0,0,0
452,MASON,2011,4,125,1,0,0,1,0,0
453,MASON,2015,9,125,1,0,0,0,0,0
454,MASON,2017,3,125,1,0,0,0,0,0
455,MASON,2018,12,125,2,0,0,0,0,0
456,MASON,2021,3,125,1,0,0,0,0,0
457,MASON,2022,3,125,1,0,0,0,0,0
458,MASON,2022,8,125,1,0,0,0,0,0
459,MASSAC,2011,4,127,1,0,0,0,0,0
460,MASSAC,2011,5,127,1,1,0,0,0,0
461,MASSAC,2012,2,127,1,1,0,0,0,0
462,MASSAC,2013,11,127,1,1,3,33,0,0
463,MASSAC,2016,7,127,1,0,0,2,0,0
464,MASSAC,2017,11,127,1,0,0,0,0,0
465,MASSAC,2018,4,127,1,0,0,0,0,0
466,MASSAC,2020,7,127,1,0,0,0,0,0
467,MASSAC,2023,1,127,1,0,0,0,0,0
468,MCDONOUGH,2008,12,109,1,0,0,0,0,0
469,MCDONOUGH,2010,6,109,1,0,0,0,0,0
470,MCDONOUGH,2015,12,109,1,0,0,0,0,0
471,MCDONOUGH,2016,3,109,1,1,0,0,0,0
472,MCDONOUGH,2016,5,109,1,0,0,0,0,0
473,MCDONOUGH,2018,12,109,2,0,0,0,0,0
474,MCDONOUGH,2019,5,109,2,0,0,0,0,0
475,MCDONOUGH,2022,5,109,2,0,0,0,0,0
476,MCDONOUGH,2022,7,109,1,0,0,0,0,0
477,MCDONOUGH,2023,4,109,1,0,0,0,0,0
478,MCDONOUGH,2024,5,109,1,0,0,0,0,0
479,MCDONOUGH,2024,6,109,2,0,0,0,0,0
480,MCHENRY,2008,1,111,1,1,0,1,0,0
481,MCHENRY,2009,6,111,1,0,0,0,0,0
482,MCHENRY,2010,11,111,1,0,0,0,0,0
483,MCHENRY,2015,4,111,1,0,0,0,0,0
484,MCHENRY,2015,7,111,2,0,0,0,0,0
485,MCHENRY,2017,5,111,1,0,0,0,0,0
486,MCHENRY,2020,8,111,1,0,0,0,0,0
487,MCHENRY,2021,8,111,1,0,0,0,0,0
488,MCHENRY,2023,5,111,1,0,0,0,0,0
489,MCHENRY,2023,7,111,2,0,0,0,0,0
490,MCHENRY,2024,5,111,1,0,0,0,0,0
491,MCLEAN,2007,3,113,1,0,0,0,0,0
492,MCLEAN,2008,6,113,2,0,0,0,0,0
493,MCLEAN,2009,8,113,1,0,0,0,0,0
494,MCLEAN,2011,5,113,2,0,0,0,0,0
495,MCLEAN,2014,5,113,1,0,0,0,0,0
496,MCLEAN,2018,6,113,1,0,0,0,0,0
497,MCLEAN,2018,12,113,4,1,0,0,0,0
498,MCLEAN,2019,6,113,1,0,0,0,0,0
499,MCLEAN,2020,7,113,1,0,0,0,0,0
500,MCLEAN,2021,6,113,1,0,0,0,0,0
501,MCLEAN,2022,4,113,1,0,0,0,0,0
502,MCLEAN,2022,9,113,1,0,0,0,0,0
503,MCLEAN,2023,1,113,1,0,0,0,0,0
504,MCLEAN,2024,6,113,5,0,0,0,0,0
505,MENARD,2010,12,129,1,1,0,1,0,0
506,MENARD,2011,4,129,2,0,0,0,0,0
507,MENARD,2015,6,129,1,0,0,0,0,0
508,MENARD,2019,5,129,1,0,0,0,0,0
509,MENARD,2021,12,129,1,1,0,0,0,0
510,MERCER,2014,7,131,3,0,0,0,0,0
511,MERCER,2015,5,131,1,1,0,0,0,0
512,MERCER,2015,6,131,1,0,0,0,0,0
513,MERCER,2015,12,131,1,0,0,0,0,0
514,MERCER,2017,5,131,1,0,0,0,0,0
515,MERCER,2019,6,131,1,0,0,0,0,0
516,MERCER,2020,11,131,2,0,0,0,0,0
517,MERCER,2022,8,131,2,0,0,0,0,0
518,MERCER,2024,7,131,1,0,0,0,0,0
519,MONROE,2008,3,133,1,0,0,0,0,0
520,MONROE,2010,4,133,2,1,0,0,0,0
521,MONROE,2011,4,133,1,1,0,1,0,0
522,MONROE,2014,6,133,2,0,0,0,0,0
523,MONROE,2019,5,133,1,0,0,0,0,0
524,MONROE,2023,4,133,3,0,0,0,0,0
525,MONROE,2023,8,133,1,0,0,0,0,0
526,MONROE,2024,5,133,1,0,0,0,0,0
527,MONTGOMERY,2010,4,135,1,0,0,0,0,0
528,MONTGOMERY,2011,4,135,2,2,0,0,0,0
529,MONTGOMERY,2013,5,135,1,0,0,0,0,0
530,MONTGOMERY,2013,11,135,1,0,0,0,0,0
531,MONTGOMERY,2014,2,135,1,0,0,0,0,0
532,MONTGOMERY,2016,4,135,1,0,0,0,0,0
533,MONTGOMERY,2017,3,135,2,0,0,0,0,0
534,MONTGOMERY,2018,12,135,4,1,0,0,0,0
535,MONTGOMERY,2019,4,135,1,0,0,0,0,0
536,MONTGOMERY,2020,5,135,1,0,0,0,0,0
537,MONTGOMERY,2020,7,135,4,0,0,0,0,0
538,MONTGOMERY,2021,12,135,1,0,0,0,0,0
539,MONTGOMERY,2022,3,135,1,0,0,0,0,0
540,MONTGOMERY,2023,3,135,1,0,0,0,0,0
541,MORGAN,2008,5,137,1,0,0,0,0,0
542,MORGAN,2009,8,137,2,0,0,0,0,0
543,MORGAN,2012,8,137,2,0,0,1,0,0
544,MORGAN,2014,2,137,2,0,0,0,0,0
545,MORGAN,2017,4,137,1,0,0,0,0,0
546,MORGAN,2018,12,137,1,0,0,0,0,0
547,MORGAN,2020,7,137,1,0,0,0,0,0
548,MORGAN,2021,7,137,1,0,0,0,0,0
549,MORGAN,2021,10,137,1,0,0,0,0,0
550,MORGAN,2023,3,137,2,0,0,0,0,0
551,MOULTRIE,2013,11,139,1,0,0,0,0,0
552,MOULTRIE,2019,6,139,1,0,0,0,0,0
553,MOULTRIE,2020,5,139,2,0,0,0,0,0
554,MOULTRIE,2021,12,139,1,1,0,0,0,0
555,OGLE,2011,5,141,3,0,0,0,0,0
556,OGLE,2015,4,141,2,1,0,0,0,0
557,OGLE,2017,2,141,1,0,0,0,0,0
558,OGLE,2020,3,141,1,0,0,0,0,0
559,OGLE,2020,5,141,1,0,0,0,0,0
560,OGLE,2021,8,141,1,0,0,0,0,0
561,OGLE,2022,5,141,1,0,0,0,0,0
562,OGLE,2023,3,141,2,0,0,0,0,0
563,OGLE,2024,7,141,4,0,0,0,0,0
564,PEORIA,2009,7,143,1,0,0,0,0,0
565,PEORIA,2010,5,143,1,0,0,0,0,0
566,PEORIA,2010,6,143,4,1,0,0,0,0
567,PEORIA,2013,11,143,1,0,0,0,0,0
568,PEORIA,2015,4,143,1,0,0,0,0,0
569,PEORIA,2016,3,143,2,1,0,0,0,0
570,PEORIA,2017,2,143,2,0,0,0,0,0
571,PEORIA,2017,7,143,1,0,0,0,0,0
572,PEORIA,2020,3,143,1,0,0,0,0,0
573,PEORIA,2020,5,143,1,0,0,0,0,0
574,PEORIA,2024,7,143,3,0,0,0,0,0
575,PERRY,2009,6,145,2,0,0,0,0,0
576,PERRY,2011,6,145,1,0,0,1,0,0
577,PERRY,2015,6,145,1,0,0,0,0,0
578,PERRY,2015,12,145,1,0,0,0,0,0
579,PERRY,2017,11,145,1,0,0,0,0,0
580,PERRY,2020,3,145,1,0,0,1,0,0
581,PIATT,2012,5,147,1,0,0,0,0,0
582,PIATT,2015,6,147,1,0,0,0,0,0
583,PIATT,2019,5,147,1,0,0,0,0,0
584,PIATT,2020,5,147,1,0,0,0,0,0
585,PIATT,2021,6,147,2,0,0,0,0,0
586,PIKE,2007,9,149,2,0,0,2,0,0
587,PIKE,2008,1,149,1,0,0,0,0,0
588,PIKE,2008,5,149,2,0,0,0,0,0
589,PIKE,2014,2,149,1,1,0,1,0,0
590,PIKE,2018,5,149,1,0,0,0,0,0
591,PIKE,2018,12,149,3,0,0,0,0,0
592,PIKE,2021,3,149,1,0,0,0,0,0
593,POPE,2013,11,151,1,1,0,0,0,0
594,POPE,2016,5,151,1,0,0,0,0,0
595,POPE,2019,6,151,1,0,0,0,0,0
596,PULASKI,2011,5,153,3,0,0,0,0,0
597,PULASKI,2012,2,153,1,1,0,0,0,0
598,PULASKI,2013,10,153,1,0,0,0,0,0
599,PULASKI,2019,4,153,1,0,0,0,0,0
600,PUTNAM,2010,6,155,1,1,0,0,0,0
601,PUTNAM,2016,7,155,2,0,0,0,0,0
602,PUTNAM,2021,10,155,1,0,0,0,0,0
603,PUTNAM,2024,2,155,1,0,0,0,0,0
604,RANDOLPH,2008,6,157,3,0,0,0,0,0
605,RANDOLPH,2009,3,157,3,0,0,1,0,0
606,RANDOLPH,2014,10,157,1,0,0,0,0,0
607,RANDOLPH,2017,2,157,1,1,0,0,0,0
608,RANDOLPH,2021,10,157,1,1,0,0,0,0
609,RANDOLPH,2024,8,157,1,0,0,0,0,0
610,RICHLAND,2008,5,159,1,0,0,0,0,0
611,RICHLAND,2011,5,159,1,0,0,0,0,0
612,RICHLAND,2015,6,159,2,0,0,0,0,0
613,RICHLAND,2016,4,159,1,0,0,0,0,0
614,RICHLAND,2017,11,159,1,0,0,0,0,0
615,RICHLAND,2021,5,159,1,0,0,0,0,0
616,RICHLAND,2022,6,159,1,0,0,0,0,0
617,ROCK ISLAND,2008,6,161,1,0,0,0,0,0
618,ROCK ISLAND,2013,5,161,1,0,0,0,0,0
619,ROCK ISLAND,2015,6,161,1,1,0,0,0,0
620,ROCK ISLAND,2015,7,161,1,0,0,0,0,0
621,ROCK ISLAND,2015,11,161,1,0,0,0,0,0
622,ROCK ISLAND,2015,12,161,1,0,0,0,0,0
623,ROCK ISLAND,2016,3,161,1,1,0,10,0,0
624,ROCK ISLAND,2016,10,161,2,0,0,0,0,0
625,ROCK ISLAND,2017,5,161,1,0,0,0,0,0
626,ROCK ISLAND,2020,11,161,1,0,0,0,0,0
627,ROCK ISLAND,2023,4,161,3,0,0,0,0,0
628,ROCK ISLAND,2024,5,161,1,0,0,0,0,0
629,ROCK ISLAND,2024,7,161,3,0,0,0,0,0
630,SALINE,2012,2,165,1,1,8,95,0,0
631,SALINE,2013,1,165,1,1,0,2,0,0
632,SALINE,2013,10,165,1,0,0,0,0,0
633,SALINE,2018,4,165,1,1,0,0,0,0
634,SALINE,2024,4,165,2,1,0,2,0,0
635,SALINE,2024,5,165,1,0,0,0,0,0
636,SANGAMON,2007,9,167,1,0,0,0,0,0
637,SANGAMON,2008,5,167,1,0,0,0,0,0
638,SANGAMON,2009,3,167,1,0,0,2,0,0
639,SANGAMON,2009,8,167,3,2,0,20,0,0
640,SANGAMON,2014,2,167,2,0,0,0,0,0
641,SANGAMON,2016,3,167,1,0,0,0,0,0
642,SANGAMON,2018,12,167,1,0,0,0,0,0
643,SANGAMON,2019,5,167,1,0,0,0,0,0
644,SANGAMON,2020,4,167,1,0,0,0,0,0
645,SANGAMON,2020,7,167,3,0,0,0,0,0
646,SANGAMON,2021,5,167,3,0,0,0,0,0
647,SANGAMON,2023,1,167,1,0,0,0,0,0
648,SANGAMON,2023,3,167,2,2,0,0,0,0
649,SANGAMON,2023,6,167,1,1,0,0,0,0
650,SANGAMON,2023,8,167,1,0,0,0,0,0
651,SCHUYLER,2011,6,169,1,0,0,0,0,0
652,SCHUYLER,2018,12,169,2,0,0,0,0,0
653,SCHUYLER,2019,5,169,1,0,0,0,0,0
654,SCHUYLER,2021,7,169,1,0,0,0,0,0
655,SCOTT,2008,6,171,1,0,0,0,0,0
656,SCOTT,2009,8,171,1,0,0,0,0,0
657,SCOTT,2023,3,171,1,0,0,0,0,0
658,SHELBY,2008,5,173,1,0,0,0,0,0
659,SHELBY,2009,5,173,2,0,0,0,0,0
660,SHELBY,2011,6,173,2,0,0,0,0,0
661,SHELBY,2014,2,173,3,1,0,1,0,0
662,SHELBY,2014,10,173,1,1,0,0,0,0
663,SHELBY,2019,8,173,1,0,0,0,0,0
664,SHELBY,2021,12,173,2,2,0,1,0,0
665,ST. CLAIR,2009,6,163,1,1,0,0,0,0
666,ST. CLAIR,2010,12,163,1,0,0,0,0,0
667,ST. CLAIR,2011,4,163,1,0,0,0,0,0
668,ST. CLAIR,2014,10,163,2,0,0,0,0,0
669,ST. CLAIR,2016,6,163,1,0,0,0,0,0
670,ST. CLAIR,2019,6,163,1,0,0,0,0,0
671,ST. CLAIR,2022,5,163,1,0,0,0,0,0
672,ST. CLAIR,2023,4,163,4,0,0,0,0,0
673,ST. CLAIR,2024,4,163,1,0,0,0,0,0
674,ST. CLAIR,2024,5,163,1,0,0,0,0,0
675,STARK,2012,9,175,3,0,0,0,0,0
676,STARK,2016,6,175,1,0,0,0,0,0
677,STARK,2017,2,175,1,0,0,0,0,0
678,STARK,2024,8,175,1,0,0,0,0,0
679,STEPHENSON,2009,6,177,1,0,0,0,0,0
680,STEPHENSON,2010,7,177,1,0,0,0,0,0
681,STEPHENSON,2017,8,177,2,0,0,0,0,0
682,STEPHENSON,2020,8,177,1,0,0,0,0,0
683,STEPHENSON,2022,5,177,1,0,0,0,0,0
684,STEPHENSON,2023,3,177,1,0,0,0,0,0
685,STEPHENSON,2024,3,177,1,0,0,0,0,0
686,STEPHENSON,2024,7,177,2,0,0,0,0,0
687,TAZEWELL,2008,1,179,1,0,0,0,0,0
688,TAZEWELL,2008,6,179,2,0,0,0,0,0
689,TAZEWELL,2010,6,179,1,1,0,0,0,0
690,TAZEWELL,2013,11,179,2,2,3,131,0,0
691,TAZEWELL,2015,7,179,1,1,0,1,1,0
692,TAZEWELL,2015,8,179,1,0,0,0,0,0
693,TAZEWELL,2017,3,179,2,1,0,0,0,0
694,TAZEWELL,2018,12,179,1,0,0,0,0,0
695,TAZEWELL,2019,5,179,2,0,0,0,0,0
696,TAZEWELL,2019,6,179,1,0,0,0,0,0
697,TAZEWELL,2020,7,179,2,0,0,0,0,0
698,TAZEWELL,2023,3,179,2,0,0,0,0,0
699,TAZEWELL,2024,7,179,3,0,0,0,0,0
700,UNION,2007,3,181,1,0,0,0,0,0
701,UNION,2008,1,181,1,0,0,0,0,0
702,UNION,2011,5,181,1,0,0,0,0,0
703,UNION,2012,2,181,1,1,0,0,0,0
704,UNION,2014,4,181,3,0,0,0,0,0
705,UNION,2018,5,181,2,0,0,0,0,0
706,UNION,2020,1,181,1,0,0,0,0,0
707,UNION,2024,5,181,1,0,0,0,0,0
708,VERMILION,2009,5,183,1,0,0,0,0,0
709,VERMILION,2009,6,183,2,0,0,0,0,0
710,VERMILION,2009,8,183,1,0,0,0,0,0
711,VERMILION,2010,6,183,2,0,0,0,0,0
712,VERMILION,2010,7,183,1,0,0,0,0,0
713,VERMILION,2011,4,183,2,0,0,0,0,0
714,VERMILION,2011,5,183,1,0,0,0,0,0
715,VERMILION,2012,5,183,2,0,0,0,0,0
716,VERMILION,2013,5,183,1,0,0,0,0,0
717,VERMILION,2013,11,183,2,2,0,1,0,0
718,VERMILION,2016,9,183,2,0,0,0,0,0
719,VERMILION,2017,5,183,1,0,0,0,0,0
720,VERMILION,2019,5,183,2,0,0,0,0,0
721,VERMILION,2021,12,183,1,0,0,0,0,0
722,VERMILION,2023,3,183,1,0,0,0,0,0
723,VERMILION,2024,6,183,2,0,0,0,0,0
724,WABASH,2010,10,185,2,0,0,0,0,0
725,WABASH,2011,4,185,2,1,0,0,0,0
726,WABASH,2013,7,185,1,0,0,0,0,0
727,WABASH,2013,11,185,1,1,0,1,0,0
728,WABASH,2022,5,185,1,1,0,0,0,0
729,WABASH,2024,5,185,1,0,0,0,0,0
730,WARREN,2009,5,187,1,0,0,0,0,0
731,WARREN,2015,7,187,3,2,0,1,0,0
732,WARREN,2015,12,187,1,0,0,0,0,0
733,WARREN,2016,3,187,1,0,0,0,0,0
734,WARREN,2016,5,187,1,0,0,0,0,0
735,WARREN,2021,8,187,1,0,0,0,0,0
736,WARREN,2022,5,187,2,0,0,0,0,0
737,WARREN,2024,3,187,1,0,0,0,0,0
738,WASHINGTON,2009,3,189,3,1,0,0,0,0
739,WASHINGTON,2011,2,189,2,1,0,0,0,0
740,WASHINGTON,2012,9,189,1,0,0,1,0,0
741,WASHINGTON,2013,11,189,2,1,2,2,0,0
742,WASHINGTON,2021,10,189,1,0,0,0,0,0
743,WASHINGTON,2023,4,189,1,0,0,0,0,0
744,WAYNE,2009,3,191,3,1,0,1,0,0
745,WAYNE,2011,4,191,1,1,0,2,0,0
746,WAYNE,2013,7,191,1,0,0,0,0,0
747,WAYNE,2013,11,191,2,1,0,0,0,0
748,WAYNE,2014,6,191,2,0,0,0,0,0
749,WAYNE,2015,12,191,1,0,0,0,0,0
750,WAYNE,2021,5,191,1,0,0,0,0,0
751,WAYNE,2022,3,191,1,0,0,0,0,0
752,WAYNE,2024,3,191,1,0,0,0,0,0
753,WHITE,2011,4,193,2,1,0,0,0,0
754,WHITE,2012,1,193,1,1,0,0,0,0
755,WHITE,2012,3,193,1,0,0,0,0,0
756,WHITE,2014,4,193,1,0,0,0,0,0
757,WHITE,2015,6,193,1,0,0,0,0,0
758,WHITE,2015,12,193,1,0,0,0,0,0
759,WHITE,2017,2,193,1,1,1,1,0,0
760,WHITE,2018,4,193,1,0,0,0,0,0
761,WHITE,2018,6,193,1,0,0,0,0,0
762,WHITE,2022,3,193,1,0,0,0,0,0
763,WHITE,2024,4,193,1,0,0,0,0,0
764,WHITE,2024,5,193,1,0,0,0,0,0
765,WHITESIDE,2013,5,195,1,0,0,0,0,0
766,WHITESIDE,2015,4,195,2,0,0,0,0,0
767,WHITESIDE,2015,6,195,2,0,0,0,0,0
768,WHITESIDE,2015,7,195,1,0,0,0,0,0
769,WHITESIDE,2016,3,195,1,0,0,0,0,0
770,WHITESIDE,2017,2,195,1,0,0,0,0,0
771,WHITESIDE,2017,3,195,1,0,0,0,0,0
772,WHITESIDE,2017,5,195,1,0,0,0,0,0
773,WHITESIDE,2017,7,195,1,0,0,0,0,0
774,WHITESIDE,2020,3,195,1,0,0,0,0,0
775,WHITESIDE,2020,5,195,1,0,0,0,0,0
776,WHITESIDE,2020,7,195,1,0,0,0,0,0
777,WHITESIDE,2020,11,195,3,0,0,0,0,0
778,WHITESIDE,2022,3,195,1,0,0,0,0,0
779,WHITESIDE,2023,3,195,1,0,0,0,0,0
780,WHITESIDE,2023,4,195,1,0,0,0,0,0
781,WHITESIDE,2023,7,195,1,0,0,0,0,0
782,WHITESIDE,2024,5,195,1,0,0,0,0,0
783,WILL,2007,4,197,1,0,0,0,0,0
784,WILL,2007,8,197,1,0,0,0,0,0
785,WILL,2008,6,197,4,4,0,6,0,0
786,WILL,2008,8,197,1,0,0,0,0,0
787,WILL,2010,10,197,1,1,0,2,0,0
788,WILL,2013,6,197,1,0,0,0,0,0
789,WILL,2013,11,197,3,2,0,0,0,0
790,WILL,2014,6,197,1,0,0,0,0,0
791,WILL,2015,6,197,2,1,0,0,0,0
792,WILL,2015,8,197,1,0,0,0,0,0
793,WILL,2015,9,197,1,0,0,0,0,0
794,WILL,2017,6,197,1,0,0,0,0,0
795,WILL,2018,6,197,2,0,0,0,0,0
796,WILL,2018,8,197,1,0,0,0,0,0
797,WILL,2019,1,197,1,0,0,0,0,0
798,WILL,2019,5,197,1,0,0,0,0,0
799,WILL,2020,5,197,1,0,0,0,0,0
800,WILL,2020,8,197,1,0,0,0,0,0
801,WILL,2021,6,197,2,0,0,0,0,0
802,WILL,2021,10,197,1,0,0,0,0,0
803,WILL,2022,7,197,3,0,0,0,0,0
804,WILL,2023,2,197,1,0,0,0,0,0
805,WILL,2023,3,197,2,0,0,0,0,0
806,WILL,2023,7,197,5,0,0,0,0,0
807,WILL,2024,7,197,7,1,0,4,0,0
808,WILLIAMSON,2009,5,199,1,0,0,0,0,0
809,WILLIAMSON,2012,2,199,1,1,0,0,0,0
810,WILLIAMSON,2013,10,199,1,0,0,0,0,0
811,WILLIAMSON,2014,4,199,1,0,0,0,0,0
812,WILLIAMSON,2017,2,199,1,0,0,0,0,0
813,WILLIAMSON,2017,4,199,1,0,0,0,0,0
814,WILLIAMSON,2018,4,199,3,0,0,0,0,0
815,WILLIAMSON,2018,6,199,1,0,0,0,0,0
816,WILLIAMSON,2024,4,199,2,1,0,0,0,0
817,WILLIAMSON,2024,5,199,2,0,0,0,0,0
818,WINNEBAGO,2010,11,201,1,1,0,6,0,0
819,WINNEBAGO,2011,5,201,3,0,0,0,0,0
820,WINNEBAGO,2015,4,201,1,0,0,0,0,0
821,WINNEBAGO,2017,6,201,2,0,0,0,0,0
822,WINNEBAGO,2020,8,201,2,0,0,0,0,0
823,WINNEBAGO,2023,3,201,3,0,0,0,0,0
824,WINNEBAGO,2024,7,201,2,0,0,0,0,0
825,WOODFORD,2008,6,203,1,0,0,0,0,0
826,WOODFORD,2010,6,203,1,1,0,0,0,0
827,WOODFORD,2012,9,203,3,0,0,0,0,0
828,WOODFORD,2013,11,203,1,1,0,4,0,0
829,WOODFORD,2014,5,203,1,0,0,0,0,0
830,WOODFORD,2017,2,203,1,1,0,0,0,0
831,WOODFORD,2019,5,203,1,0,0,0,0,0
832,WOODFORD,2020,5,203,1,0,0,0,0,0
833,WOODFORD,2021,10,203,3,0,0,0,0,0
834,WOODFORD,2023,3,203,1,0,0,0,0,0
835,WOODFORD,2024,7,203,4,0,0,0,0,0
