,State Name,county Name,State Code,County Code,Month,Avg AQI,Avg Min AQI,Avg Max AQI,Avg Days AQI >50,Avg Days AQI >100,Total Days AQI >50,Total Days AQI >100,Monthly Mode DP (AQI>50),Monthly Mode DP (AQI>100)
0,Illinois,Adams,17,1,3,38.655197132616486,25.0,52.44444444444444,0.7777777777777778,0.0,7.0,0.0,Ozone,
1,Illinois,Adams,17,1,4,42.43644955300128,26.4,65.9,3.2,0.0,32.0,0.0,Ozone,
2,Illinois,Adams,17,1,5,45.40245161290322,27.7,72.5,5.7,0.3,57.0,3.0,Ozone,Ozone
3,Illinois,Adams,17,1,6,50.69732804232804,29.8,92.0,8.5,1.0,85.0,10.0,Ozone,Ozone
4,Illinois,Adams,17,1,7,40.55729988052568,28.333333333333332,57.111111111111114,2.2222222222222223,0.0,20.0,0.0,Ozone,
5,Illinois,Adams,17,1,8,36.97766749379653,24.22222222222222,54.22222222222222,1.0,0.0,9.0,0.0,Ozone,
6,Illinois,Adams,17,1,9,37.41966794380588,19.333333333333332,59.77777777777778,2.0,0.0,18.0,0.0,Ozone,
7,Illinois,Adams,17,1,10,32.15412186379928,16.555555555555557,53.55555555555556,1.5555555555555556,0.0,14.0,0.0,Ozone,
8,Illinois,Champaign,17,19,1,43.68709677419355,24.6,68.7,10.9,0.0,109.0,0.0,PM2.5,
9,Illinois,Champaign,17,19,2,45.21169950738916,26.2,71.5,11.6,0.0,116.0,0.0,PM2.5,
10,Illinois,Champaign,17,19,3,44.519354838709674,30.0,70.9,8.5,0.1,85.0,1.0,PM2.5,PM2.5
11,Illinois,Champaign,17,19,4,45.626666666666665,30.3,71.2,8.4,0.0,84.0,0.0,Ozone,
12,Illinois,Champaign,17,19,5,51.041935483870965,31.3,84.2,12.3,0.6,123.0,6.0,Ozone,Ozone
13,Illinois,Champaign,17,19,6,61.10333333333333,35.3,118.9,17.8,1.3,178.0,13.0,Ozone,Ozone
14,Illinois,Champaign,17,19,7,49.75268817204301,32.111111111111114,91.11111111111111,13.11111111111111,0.2222222222222222,118.0,2.0,PM2.5,Ozone
15,Illinois,Champaign,17,19,8,46.645161290322584,27.555555555555557,67.11111111111111,12.333333333333334,0.0,111.0,0.0,PM2.5,
16,Illinois,Champaign,17,19,9,43.77407407407407,23.555555555555557,76.33333333333333,8.444444444444445,0.0,76.0,0.0,PM2.5,
17,Illinois,Champaign,17,19,10,38.7741935483871,19.555555555555557,61.77777777777778,6.555555555555555,0.0,59.0,0.0,PM2.5,
18,Illinois,Champaign,17,19,11,42.37777777777777,21.555555555555557,64.88888888888889,10.333333333333334,0.0,93.0,0.0,PM2.5,
19,Illinois,Champaign,17,19,12,43.641577060931894,22.444444444444443,72.33333333333333,12.333333333333334,0.0,111.0,0.0,PM2.5,
20,Illinois,Clark,17,23,1,26.03603405493283,16.625,34.75,0.0,0.0,0.0,0.0,,
21,Illinois,Clark,17,23,2,30.490330231709542,19.0,43.375,0.125,0.0,1.0,0.0,Ozone,
22,Illinois,Clark,17,23,3,36.715053763440864,22.88888888888889,49.44444444444444,0.3333333333333333,0.0,3.0,0.0,Ozone,
23,Illinois,Clark,17,23,4,40.96696223316913,25.5,57.5,2.9,0.0,29.0,0.0,Ozone,
24,Illinois,Clark,17,23,5,45.78012080180539,27.666666666666668,77.55555555555556,6.444444444444445,0.2222222222222222,58.0,2.0,Ozone,Ozone
25,Illinois,Clark,17,23,6,51.77201646090535,30.11111111111111,95.33333333333333,9.444444444444445,0.7777777777777778,85.0,7.0,Ozone,Ozone
26,Illinois,Clark,17,23,7,38.462365591397855,24.555555555555557,60.888888888888886,1.4444444444444444,0.0,13.0,0.0,Ozone,
27,Illinois,Clark,17,23,8,36.46432650361399,23.666666666666668,50.111111111111114,0.6666666666666666,0.0,6.0,0.0,Ozone,
28,Illinois,Clark,17,23,9,37.20603174603175,20.555555555555557,60.333333333333336,1.6666666666666667,0.0,15.0,0.0,Ozone,
29,Illinois,Clark,17,23,10,31.87683284457478,15.222222222222221,49.55555555555556,0.5555555555555556,0.0,5.0,0.0,Ozone,
30,Illinois,Clark,17,23,11,25.933004926108374,15.285714285714286,37.42857142857143,0.0,0.0,0.0,0.0,,
31,Illinois,Clark,17,23,12,22.60049627791563,13.285714285714286,34.285714285714285,0.0,0.0,0.0,0.0,,
32,Illinois,Cook,17,31,1,55.80645161290323,34.0,84.6,23.2,0.1,232.0,1.0,PM2.5,PM2.5
33,Illinois,Cook,17,31,2,56.20751231527093,34.5,80.9,19.5,0.0,195.0,0.0,PM2.5,
34,Illinois,Cook,17,31,3,53.69354838709677,36.0,84.7,18.2,0.1,182.0,1.0,PM2.5,PM10
35,Illinois,Cook,17,31,4,54.13333333333334,36.2,92.2,17.3,0.5,173.0,5.0,PM2.5,Ozone
36,Illinois,Cook,17,31,5,60.89032258064516,34.6,106.6,21.0,1.4,210.0,14.0,Ozone,Ozone
37,Illinois,Cook,17,31,6,78.97,40.2,152.7,25.6,6.4,256.0,64.0,Ozone,Ozone
38,Illinois,Cook,17,31,7,66.90322580645162,34.9,133.6,24.0,4.9,240.0,49.0,Ozone,Ozone
39,Illinois,Cook,17,31,8,66.06810035842294,38.333333333333336,130.55555555555554,26.0,2.111111111111111,234.0,19.0,PM2.5,Ozone
40,Illinois,Cook,17,31,9,57.48518518518519,31.22222222222222,97.44444444444444,19.77777777777778,0.8888888888888888,178.0,8.0,PM2.5,Ozone
41,Illinois,Cook,17,31,10,52.74551971326164,30.333333333333332,84.0,19.0,0.2222222222222222,171.0,2.0,PM2.5,Ozone
42,Illinois,Cook,17,31,11,54.91851851851852,29.666666666666668,83.44444444444444,20.333333333333332,0.1111111111111111,183.0,1.0,PM2.5,PM10
43,Illinois,Cook,17,31,12,57.27598566308244,32.888888888888886,84.0,23.0,0.2222222222222222,207.0,2.0,PM2.5,PM2.5
44,Illinois,DuPage,17,43,1,46.577146736178996,19.7,74.1,13.1,0.0,131.0,0.0,PM2.5,
45,Illinois,DuPage,17,43,2,46.66722085385878,18.9,74.5,11.9,0.0,119.0,0.0,PM2.5,
46,Illinois,DuPage,17,43,3,44.601810815022596,27.4,68.6,10.4,0.0,104.0,0.0,PM2.5,
47,Illinois,DuPage,17,43,4,44.829047619047614,27.0,72.5,8.7,0.0,87.0,0.0,PM2.5,
48,Illinois,DuPage,17,43,5,48.52159887798037,27.4,81.7,10.7,0.6,107.0,6.0,Ozone,Ozone
49,Illinois,DuPage,17,43,6,61.29827586206896,31.4,128.8,17.2,2.3,172.0,23.0,Ozone,Ozone
50,Illinois,DuPage,17,43,7,55.52688172043011,31.555555555555557,108.33333333333333,16.0,0.8888888888888888,144.0,8.0,PM2.5,Ozone
51,Illinois,DuPage,17,43,8,52.935483870967744,31.22222222222222,99.11111111111111,16.333333333333332,0.7777777777777778,147.0,7.0,PM2.5,Ozone
52,Illinois,DuPage,17,43,9,45.5978835978836,21.666666666666668,72.88888888888889,11.444444444444445,0.0,103.0,0.0,PM2.5,
53,Illinois,DuPage,17,43,10,40.937173579109064,19.444444444444443,66.88888888888889,10.444444444444445,0.0,94.0,0.0,PM2.5,
54,Illinois,DuPage,17,43,11,46.48450404427416,19.88888888888889,73.0,13.0,0.0,117.0,0.0,PM2.5,
55,Illinois,DuPage,17,43,12,47.721368834272056,18.77777777777778,74.11111111111111,15.333333333333334,0.0,138.0,0.0,PM2.5,
56,Illinois,Effingham,17,49,3,37.973715651135,25.333333333333332,51.0,0.5555555555555556,0.0,5.0,0.0,Ozone,
57,Illinois,Effingham,17,49,4,40.94010217113666,26.444444444444443,63.0,2.888888888888889,0.0,26.0,0.0,Ozone,
58,Illinois,Effingham,17,49,5,44.78445186009146,28.333333333333332,73.0,5.777777777777778,0.1111111111111111,52.0,1.0,Ozone,Ozone
59,Illinois,Effingham,17,49,6,53.05,29.0,94.3,10.9,1.4,109.0,14.0,Ozone,Ozone
60,Illinois,Effingham,17,49,7,40.987096774193546,25.88888888888889,68.0,2.2222222222222223,0.0,20.0,0.0,Ozone,
61,Illinois,Effingham,17,49,8,37.99643283836832,24.0,56.55555555555556,1.3333333333333333,0.0,12.0,0.0,Ozone,
62,Illinois,Effingham,17,49,9,38.202880658436214,20.444444444444443,68.33333333333333,2.5555555555555554,0.0,23.0,0.0,Ozone,
63,Illinois,Effingham,17,49,10,32.91039426523297,16.555555555555557,50.333333333333336,0.7777777777777778,0.0,7.0,0.0,Ozone,
64,Illinois,Hamilton,17,65,1,40.82653415879223,20.2,63.7,9.1,0.0,91.0,0.0,PM2.5,
65,Illinois,Hamilton,17,65,2,42.510917961348994,20.7,62.6,7.4,0.0,74.0,0.0,PM2.5,
66,Illinois,Hamilton,17,65,3,44.748973607038124,28.9,68.8,9.3,0.0,93.0,0.0,PM2.5,
67,Illinois,Hamilton,17,65,4,46.62,29.5,67.6,8.9,0.0,89.0,0.0,Ozone,
68,Illinois,Hamilton,17,65,5,48.83548387096774,30.0,79.1,11.7,0.4,117.0,4.0,Ozone,Ozone
69,Illinois,Hamilton,17,65,6,59.68666666666667,33.6,104.4,19.0,1.2,190.0,12.0,Ozone,Ozone
70,Illinois,Hamilton,17,65,7,49.8163281561131,31.11111111111111,81.88888888888889,13.333333333333334,0.2222222222222222,120.0,2.0,PM2.5,Ozone
71,Illinois,Hamilton,17,65,8,47.79616643291258,27.333333333333332,74.66666666666667,14.11111111111111,0.1111111111111111,127.0,1.0,PM2.5,PM2.5
72,Illinois,Hamilton,17,65,9,45.34671382257589,25.0,73.33333333333333,10.777777777777779,0.0,97.0,0.0,PM2.5,
73,Illinois,Hamilton,17,65,10,42.71923536439665,22.22222222222222,64.11111111111111,8.777777777777779,0.0,79.0,0.0,PM2.5,
74,Illinois,Hamilton,17,65,11,42.3610472541507,19.444444444444443,64.66666666666667,9.777777777777779,0.0,88.0,0.0,PM2.5,
75,Illinois,Hamilton,17,65,12,42.82078853046595,17.11111111111111,66.11111111111111,11.88888888888889,0.0,107.0,0.0,PM2.5,
76,Illinois,Jersey,17,83,1,40.5963992425423,16.9,67.3,9.2,0.0,92.0,0.0,PM2.5,
77,Illinois,Jersey,17,83,2,41.842684796462905,19.0,66.4,8.9,0.0,89.0,0.0,PM2.5,
78,Illinois,Jersey,17,83,3,45.009354838709676,29.3,71.4,8.1,0.0,81.0,0.0,PM2.5,
79,Illinois,Jersey,17,83,4,45.498333333333335,30.4,67.1,7.6,0.0,76.0,0.0,PM2.5,
80,Illinois,Jersey,17,83,5,50.70322580645161,29.1,93.5,10.3,0.8,103.0,8.0,Ozone,Ozone
81,Illinois,Jersey,17,83,6,59.416666666666664,32.9,117.4,15.6,2.5,156.0,25.0,Ozone,Ozone
82,Illinois,Jersey,17,83,7,50.59139784946237,31.0,94.88888888888889,14.0,0.4444444444444444,126.0,4.0,PM2.5,Ozone
83,Illinois,Jersey,17,83,8,46.30904022301872,26.444444444444443,80.33333333333333,9.444444444444445,0.1111111111111111,85.0,1.0,PM2.5,Ozone
84,Illinois,Jersey,17,83,9,45.670833333333334,26.875,84.375,9.0,0.375,72.0,3.0,PM2.5,Ozone
85,Illinois,Jersey,17,83,10,41.429595494111624,21.444444444444443,67.66666666666667,7.444444444444445,0.0,67.0,0.0,PM2.5,
86,Illinois,Jersey,17,83,11,41.20883190883191,18.0,64.66666666666667,10.0,0.0,90.0,0.0,PM2.5,
87,Illinois,Jersey,17,83,12,43.234584669559204,14.555555555555555,70.66666666666667,12.555555555555555,0.0,113.0,0.0,PM2.5,
88,Illinois,Jo Daviess,17,85,1,27.91585618006936,17.8,35.2,0.0,0.0,0.0,0.0,,
89,Illinois,Jo Daviess,17,85,2,34.055076263455575,23.6,45.9,0.2,0.0,2.0,0.0,Ozone,
90,Illinois,Jo Daviess,17,85,3,37.134446236559135,25.2,49.4,0.8,0.0,8.0,0.0,Ozone,
91,Illinois,Jo Daviess,17,85,4,41.43464190981432,27.0,67.7,3.0,0.0,30.0,0.0,Ozone,
92,Illinois,Jo Daviess,17,85,5,46.01012330263672,27.22222222222222,76.88888888888889,5.666666666666667,0.6666666666666666,51.0,6.0,Ozone,Ozone
93,Illinois,Jo Daviess,17,85,6,50.50021613125061,27.666666666666668,95.0,8.88888888888889,0.6666666666666666,80.0,6.0,Ozone,Ozone
94,Illinois,Jo Daviess,17,85,7,39.088568198122026,26.333333333333332,55.666666666666664,0.7777777777777778,0.0,7.0,0.0,Ozone,
95,Illinois,Jo Daviess,17,85,8,36.53636001592991,23.333333333333332,51.666666666666664,0.5555555555555556,0.0,5.0,0.0,Ozone,
96,Illinois,Jo Daviess,17,85,9,35.817125594711804,18.555555555555557,61.22222222222222,1.4444444444444444,0.1111111111111111,13.0,1.0,Ozone,Ozone
97,Illinois,Jo Daviess,17,85,10,31.103225806451615,18.11111111111111,51.666666666666664,1.0,0.0,9.0,0.0,Ozone,
98,Illinois,Jo Daviess,17,85,11,25.857776667221945,14.11111111111111,37.55555555555556,0.0,0.0,0.0,0.0,,
99,Illinois,Jo Daviess,17,85,12,24.138118825104364,13.88888888888889,32.111111111111114,0.0,0.0,0.0,0.0,,
100,Illinois,Kane,17,89,1,41.41053470185729,18.5,70.5,4.9,0.0,49.0,0.0,PM2.5,
101,Illinois,Kane,17,89,2,43.01861297706125,20.4,70.6,5.2,0.0,52.0,0.0,PM2.5,
102,Illinois,Kane,17,89,3,39.65967741935484,24.1,67.0,3.9,0.0,39.0,0.0,PM2.5,
103,Illinois,Kane,17,89,4,43.5763041556145,27.0,76.9,5.9,0.3,59.0,3.0,Ozone,Ozone
104,Illinois,Kane,17,89,5,49.642731924360405,25.8,96.2,9.9,0.9,99.0,9.0,Ozone,Ozone
105,Illinois,Kane,17,89,6,62.32192749778957,29.8,125.7,15.2,2.9,152.0,29.0,Ozone,Ozone
106,Illinois,Kane,17,89,7,51.258462763839105,25.333333333333332,106.22222222222223,10.777777777777779,1.0,97.0,9.0,Ozone,Ozone
107,Illinois,Kane,17,89,8,46.69761051373954,25.444444444444443,89.33333333333333,8.11111111111111,0.4444444444444444,73.0,4.0,Ozone,Ozone
108,Illinois,Kane,17,89,9,41.99611946163671,19.444444444444443,77.11111111111111,6.777777777777778,0.1111111111111111,61.0,1.0,PM2.5,Ozone
109,Illinois,Kane,17,89,10,34.54814814814815,17.77777777777778,64.33333333333333,4.666666666666667,0.0,42.0,0.0,PM2.5,
110,Illinois,Kane,17,89,11,41.13232323232323,17.666666666666668,71.88888888888889,5.888888888888889,0.0,53.0,0.0,PM2.5,
111,Illinois,Kane,17,89,12,43.434310850439886,17.666666666666668,71.0,7.0,0.0,63.0,0.0,PM2.5,
112,Illinois,Lake,17,97,1,26.658858166922684,13.0,34.0,0.0,0.0,0.0,0.0,,
113,Illinois,Lake,17,97,2,33.87392811530743,20.333333333333332,45.333333333333336,0.0,0.0,0.0,0.0,,
114,Illinois,Lake,17,97,3,38.250321839080456,26.4,47.8,0.1,0.0,1.0,0.0,Ozone,
115,Illinois,Lake,17,97,4,43.31183023872679,28.8,75.8,3.5,0.2,35.0,2.0,Ozone,Ozone
116,Illinois,Lake,17,97,5,48.725806451612904,27.1,104.3,7.9,1.0,79.0,10.0,Ozone,Ozone
117,Illinois,Lake,17,97,6,58.07195402298851,27.0,131.6,11.9,2.8,119.0,28.0,Ozone,Ozone
118,Illinois,Lake,17,97,7,51.25448028673836,24.22222222222222,122.77777777777777,9.555555555555555,2.111111111111111,86.0,19.0,Ozone,Ozone
119,Illinois,Lake,17,97,8,46.85933606417477,24.0,112.22222222222223,6.888888888888889,0.8888888888888888,62.0,8.0,Ozone,Ozone
120,Illinois,Lake,17,97,9,39.055810983397194,18.444444444444443,74.11111111111111,4.222222222222222,0.2222222222222222,38.0,2.0,Ozone,Ozone
121,Illinois,Lake,17,97,10,30.61290322580645,18.333333333333332,59.22222222222222,1.1111111111111112,0.0,10.0,0.0,Ozone,
122,Illinois,Lake,17,97,11,24.655603448275865,12.333333333333334,32.666666666666664,0.0,0.0,0.0,0.0,,
123,Illinois,Lake,17,97,12,25.254854070660524,15.666666666666666,31.333333333333332,0.0,0.0,0.0,0.0,,
124,Illinois,Macon,17,115,1,44.71290322580645,21.3,69.1,14.1,0.0,141.0,0.0,PM2.5,
125,Illinois,Macon,17,115,2,46.66382503192848,24.5,69.9,13.2,0.0,132.0,0.0,PM2.5,
126,Illinois,Macon,17,115,3,46.72903225806452,31.1,74.4,11.6,0.1,116.0,1.0,PM2.5,PM2.5
127,Illinois,Macon,17,115,4,46.413333333333334,29.1,69.6,10.7,0.0,107.0,0.0,PM2.5,
128,Illinois,Macon,17,115,5,51.167741935483875,31.5,82.0,12.9,0.5,129.0,5.0,Ozone,Ozone
129,Illinois,Macon,17,115,6,60.756666666666675,35.0,119.3,18.8,1.9,188.0,19.0,Ozone,Ozone
130,Illinois,Macon,17,115,7,51.41935483870967,32.111111111111114,85.33333333333333,15.11111111111111,0.4444444444444444,136.0,4.0,PM2.5,PM2.5
131,Illinois,Macon,17,115,8,49.60573476702509,30.666666666666668,70.88888888888889,15.88888888888889,0.0,143.0,0.0,PM2.5,
132,Illinois,Macon,17,115,9,46.58148148148148,28.0,77.66666666666667,11.666666666666666,0.0,105.0,0.0,PM2.5,
133,Illinois,Macon,17,115,10,43.524286243974785,23.666666666666668,66.11111111111111,10.444444444444445,0.0,94.0,0.0,PM2.5,
134,Illinois,Macon,17,115,11,46.50555555555556,22.444444444444443,71.22222222222223,15.11111111111111,0.0,136.0,0.0,PM2.5,
135,Illinois,Macon,17,115,12,46.93362538165405,17.22222222222222,72.66666666666667,15.555555555555555,0.0,140.0,0.0,PM2.5,
136,Illinois,Macoupin,17,117,1,4.943747020498967,0.42857142857142855,13.285714285714286,0.0,0.0,0.0,0.0,,
137,Illinois,Macoupin,17,117,2,5.241379310344827,1.0,12.5,0.0,0.0,0.0,0.0,,
138,Illinois,Macoupin,17,117,3,37.010155316606934,21.11111111111111,48.666666666666664,0.1111111111111111,0.0,1.0,0.0,Ozone,
139,Illinois,Macoupin,17,117,4,41.36666666666667,26.8,62.7,2.5,0.0,25.0,0.0,Ozone,
140,Illinois,Macoupin,17,117,5,45.49251612903226,24.6,79.4,6.5,0.5,65.0,5.0,Ozone,Ozone
141,Illinois,Macoupin,17,117,6,50.82853037766831,18.7,100.0,9.4,1.1,94.0,11.0,Ozone,Ozone
142,Illinois,Macoupin,17,117,7,38.30294530154278,19.555555555555557,58.888888888888886,1.6666666666666667,0.0,15.0,0.0,Ozone,
143,Illinois,Macoupin,17,117,8,36.59549411162314,23.666666666666668,52.44444444444444,0.7777777777777778,0.0,7.0,0.0,Ozone,
144,Illinois,Macoupin,17,117,9,37.94444444444444,17.88888888888889,62.333333333333336,2.2222222222222223,0.0,20.0,0.0,Ozone,
145,Illinois,Macoupin,17,117,10,31.80286738351255,13.777777777777779,50.0,0.7777777777777778,0.0,7.0,0.0,Ozone,
146,Illinois,Macoupin,17,117,11,5.331601731601731,0.7142857142857143,11.714285714285714,0.0,0.0,0.0,0.0,,
147,Illinois,Macoupin,17,117,12,5.030414746543778,0.8571428571428571,11.571428571428571,0.0,0.0,0.0,0.0,,
148,Illinois,Madison,17,119,1,50.55650723025584,30.1,73.7,18.3,0.0,183.0,0.0,PM2.5,
149,Illinois,Madison,17,119,2,50.25763546798029,25.4,78.4,16.3,0.0,163.0,0.0,PM2.5,
150,Illinois,Madison,17,119,3,51.5516129032258,32.1,92.3,16.2,0.1,162.0,1.0,PM2.5,PM10
151,Illinois,Madison,17,119,4,50.47,32.6,75.3,15.0,0.0,150.0,0.0,PM2.5,
152,Illinois,Madison,17,119,5,56.983870967741936,33.7,99.7,18.7,0.9,187.0,9.0,Ozone,Ozone
153,Illinois,Madison,17,119,6,70.65,38.2,133.6,23.1,3.5,231.0,35.0,Ozone,Ozone
154,Illinois,Madison,17,119,7,60.96415770609318,35.44444444444444,115.11111111111111,20.444444444444443,1.2222222222222223,184.0,11.0,Ozone,Ozone
155,Illinois,Madison,17,119,8,57.26881720430107,33.44444444444444,112.77777777777777,20.77777777777778,0.8888888888888888,187.0,8.0,PM2.5,Ozone
156,Illinois,Madison,17,119,9,53.8,29.0,92.44444444444444,18.0,0.7777777777777778,162.0,7.0,PM2.5,Ozone
157,Illinois,Madison,17,119,10,47.82795698924731,25.444444444444443,74.55555555555556,15.555555555555555,0.0,140.0,0.0,PM2.5,
158,Illinois,Madison,17,119,11,47.96583652618135,23.0,75.88888888888889,17.22222222222222,0.0,155.0,0.0,PM2.5,
159,Illinois,Madison,17,119,12,50.6360153256705,24.88888888888889,80.55555555555556,18.555555555555557,0.1111111111111111,167.0,1.0,PM2.5,PM2.5
160,Illinois,McHenry,17,111,1,41.79677419354839,18.0,72.3,11.0,0.0,110.0,0.0,PM2.5,
161,Illinois,McHenry,17,111,2,42.46066270893857,18.9,71.5,9.7,0.0,97.0,0.0,PM2.5,
162,Illinois,McHenry,17,111,3,43.8651364764268,25.7,65.4,9.5,0.0,95.0,0.0,PM2.5,
163,Illinois,McHenry,17,111,4,45.32190476190476,28.6,70.1,7.5,0.0,75.0,0.0,PM2.5,
164,Illinois,McHenry,17,111,5,50.24193548387097,27.1,91.4,10.9,1.1,109.0,11.0,Ozone,Ozone
165,Illinois,McHenry,17,111,6,63.18333333333334,31.8,129.9,18.2,3.0,182.0,30.0,Ozone,Ozone
166,Illinois,McHenry,17,111,7,55.56235231647418,31.444444444444443,98.22222222222223,16.88888888888889,1.1111111111111112,152.0,10.0,PM2.5,Ozone
167,Illinois,McHenry,17,111,8,53.3247311827957,29.666666666666668,92.88888888888889,17.555555555555557,0.5555555555555556,158.0,5.0,PM2.5,Ozone
168,Illinois,McHenry,17,111,9,47.07166170001419,23.0,77.44444444444444,12.777777777777779,0.3333333333333333,115.0,3.0,PM2.5,Ozone
169,Illinois,McHenry,17,111,10,42.23631195155111,22.11111111111111,68.88888888888889,9.88888888888889,0.0,89.0,0.0,PM2.5,
170,Illinois,McHenry,17,111,11,44.13432098765432,18.0,71.33333333333333,12.0,0.0,108.0,0.0,PM2.5,
171,Illinois,McHenry,17,111,12,44.521649569480495,15.444444444444445,70.66666666666667,13.222222222222221,0.0,119.0,0.0,PM2.5,
172,Illinois,McLean,17,113,1,45.220578420467184,22.0,72.0,13.4,0.0,134.0,0.0,PM2.5,
173,Illinois,McLean,17,113,2,45.548645320197046,23.5,68.2,12.2,0.0,122.0,0.0,PM2.5,
174,Illinois,McLean,17,113,3,45.119354838709675,28.0,67.2,10.0,0.0,100.0,0.0,PM2.5,
175,Illinois,McLean,17,113,4,46.16666666666667,28.3,71.8,10.0,0.0,100.0,0.0,PM2.5,
176,Illinois,McLean,17,113,5,51.73548387096774,29.6,83.5,14.1,0.4,141.0,4.0,Ozone,Ozone
177,Illinois,McLean,17,113,6,60.913333333333334,35.8,123.8,17.8,1.5,178.0,15.0,Ozone,Ozone
178,Illinois,McLean,17,113,7,50.670370370370364,30.333333333333332,94.0,13.555555555555555,0.5555555555555556,122.0,5.0,PM2.5,PM2.5
179,Illinois,McLean,17,113,8,47.74910394265233,28.11111111111111,67.77777777777777,12.88888888888889,0.0,116.0,0.0,PM2.5,
180,Illinois,McLean,17,113,9,44.91481481481482,25.11111111111111,72.88888888888889,10.88888888888889,0.0,98.0,0.0,PM2.5,
181,Illinois,McLean,17,113,10,41.62007168458781,21.11111111111111,69.0,8.777777777777779,0.0,79.0,0.0,PM2.5,
182,Illinois,McLean,17,113,11,45.792081736909324,20.333333333333332,68.77777777777777,14.444444444444445,0.0,130.0,0.0,PM2.5,
183,Illinois,McLean,17,113,12,46.63440860215054,20.555555555555557,73.88888888888889,15.11111111111111,0.0,136.0,0.0,PM2.5,
184,Illinois,Peoria,17,143,1,45.883371347887476,22.5,70.6,12.2,0.0,122.0,0.0,PM2.5,
185,Illinois,Peoria,17,143,2,45.99101806239737,21.3,70.2,11.5,0.0,115.0,0.0,PM2.5,
186,Illinois,Peoria,17,143,3,45.80322580645161,28.6,68.9,11.1,0.0,111.0,0.0,PM2.5,
187,Illinois,Peoria,17,143,4,46.78666666666667,30.4,73.8,9.8,0.0,98.0,0.0,PM2.5,
188,Illinois,Peoria,17,143,5,52.13870967741936,31.9,83.4,13.2,0.9,132.0,9.0,Ozone,Ozone
189,Illinois,Peoria,17,143,6,60.989999999999995,35.3,107.6,17.9,2.3,179.0,23.0,Ozone,Ozone
190,Illinois,Peoria,17,143,7,51.42293906810036,32.111111111111114,90.33333333333333,14.777777777777779,0.3333333333333333,133.0,3.0,PM2.5,Ozone
191,Illinois,Peoria,17,143,8,49.48745519713262,29.11111111111111,73.44444444444444,15.444444444444445,0.1111111111111111,139.0,1.0,PM2.5,Ozone
192,Illinois,Peoria,17,143,9,43.99629629629629,24.444444444444443,68.77777777777777,9.11111111111111,0.0,82.0,0.0,PM2.5,
193,Illinois,Peoria,17,143,10,40.641577060931894,21.0,65.22222222222223,7.222222222222222,0.0,65.0,0.0,PM2.5,
194,Illinois,Peoria,17,143,11,46.07222222222222,19.555555555555557,74.77777777777777,13.555555555555555,0.0,122.0,0.0,PM2.5,
195,Illinois,Peoria,17,143,12,46.29838709677419,20.125,71.875,14.5,0.0,116.0,0.0,PM2.5,
196,Illinois,Randolph,17,157,1,41.11818181818182,19.1,64.6,10.1,0.0,101.0,0.0,PM2.5,
197,Illinois,Randolph,17,157,2,42.92558418592901,20.3,63.9,8.5,0.0,85.0,0.0,PM2.5,
198,Illinois,Randolph,17,157,3,44.92612903225806,28.9,77.2,9.5,0.1,95.0,1.0,PM2.5,PM2.5
199,Illinois,Randolph,17,157,4,46.25666666666667,28.0,69.9,8.5,0.0,85.0,0.0,PM2.5,
200,Illinois,Randolph,17,157,5,48.07452725250278,30.0,79.0,9.7,0.4,97.0,4.0,Ozone,Ozone
201,Illinois,Randolph,17,157,6,58.65259259259259,28.5,108.1,16.4,1.7,164.0,17.0,Ozone,Ozone
202,Illinois,Randolph,17,157,7,48.480047789725205,29.666666666666668,74.11111111111111,12.444444444444445,0.0,112.0,0.0,PM2.5,
203,Illinois,Randolph,17,157,8,44.184665731650306,25.444444444444443,68.66666666666667,10.333333333333334,0.0,93.0,0.0,PM2.5,
204,Illinois,Randolph,17,157,9,43.08518518518518,24.11111111111111,70.66666666666667,8.555555555555555,0.0,77.0,0.0,PM2.5,
205,Illinois,Randolph,17,157,10,41.913978494623656,21.11111111111111,66.66666666666667,8.333333333333334,0.0,75.0,0.0,PM2.5,
206,Illinois,Randolph,17,157,11,42.475161030595814,22.88888888888889,62.666666666666664,7.222222222222222,0.0,65.0,0.0,PM2.5,
207,Illinois,Randolph,17,157,12,42.90921783234229,15.777777777777779,65.55555555555556,12.11111111111111,0.0,109.0,0.0,PM2.5,
208,Illinois,Rock Island,17,161,1,42.35907151391022,19.6,67.5,11.1,0.0,111.0,0.0,PM2.5,
209,Illinois,Rock Island,17,161,2,42.95332512315271,20.7,70.5,10.5,0.0,105.0,0.0,PM2.5,
210,Illinois,Rock Island,17,161,3,43.48707692307692,25.5,67.2,9.2,0.0,92.0,0.0,PM2.5,
211,Illinois,Rock Island,17,161,4,45.17266666666667,28.2,72.9,8.8,0.0,88.0,0.0,PM2.5,
212,Illinois,Rock Island,17,161,5,49.19231145717464,29.9,81.0,10.1,0.4,101.0,4.0,Ozone,Ozone
213,Illinois,Rock Island,17,161,6,59.19,32.7,109.3,15.7,1.9,157.0,19.0,Ozone,Ozone
214,Illinois,Rock Island,17,161,7,49.72337429595494,29.333333333333332,84.77777777777777,13.0,0.3333333333333333,117.0,3.0,PM2.5,PM2.5
215,Illinois,Rock Island,17,161,8,46.572324628776244,28.444444444444443,75.22222222222223,11.88888888888889,0.2222222222222222,107.0,2.0,PM2.5,Ozone
216,Illinois,Rock Island,17,161,9,41.470370370370375,23.11111111111111,65.77777777777777,6.888888888888889,0.0,62.0,0.0,PM2.5,
217,Illinois,Rock Island,17,161,10,39.26320191158901,19.555555555555557,66.33333333333333,6.444444444444445,0.0,58.0,0.0,PM2.5,
218,Illinois,Rock Island,17,161,11,39.67282430213465,16.666666666666668,63.44444444444444,9.222222222222221,0.0,83.0,0.0,PM2.5,
219,Illinois,Rock Island,17,161,12,42.01535908668525,17.11111111111111,70.22222222222223,12.0,0.0,108.0,0.0,PM2.5,
220,Illinois,Saint Clair,17,163,1,43.25806451612903,19.1,71.4,13.6,0.0,136.0,0.0,PM2.5,
221,Illinois,Saint Clair,17,163,2,45.788669950738914,21.4,70.7,12.6,0.0,126.0,0.0,PM2.5,
222,Illinois,Saint Clair,17,163,3,47.08709677419355,26.2,76.5,13.0,0.1,130.0,1.0,PM2.5,PM2.5
223,Illinois,Saint Clair,17,163,4,45.401954022988505,27.5,66.3,9.4,0.0,94.0,0.0,PM2.5,
224,Illinois,Saint Clair,17,163,5,50.26774193548387,30.2,85.1,13.5,0.5,135.0,5.0,PM2.5,Ozone
225,Illinois,Saint Clair,17,163,6,62.089999999999996,33.0,118.7,20.1,2.1,201.0,21.0,Ozone,Ozone
226,Illinois,Saint Clair,17,163,7,54.0,32.44444444444444,100.77777777777777,17.0,0.4444444444444444,153.0,4.0,PM2.5,Ozone
227,Illinois,Saint Clair,17,163,8,50.81003584229391,30.555555555555557,89.77777777777777,16.0,0.2222222222222222,144.0,2.0,PM2.5,Ozone
228,Illinois,Saint Clair,17,163,9,49.17777777777778,30.0,74.77777777777777,16.666666666666668,0.0,150.0,0.0,PM2.5,
229,Illinois,Saint Clair,17,163,10,44.17921146953405,21.77777777777778,66.55555555555556,12.444444444444445,0.0,112.0,0.0,PM2.5,
230,Illinois,Saint Clair,17,163,11,41.740357598978285,13.666666666666666,68.22222222222223,12.222222222222221,0.0,110.0,0.0,PM2.5,
231,Illinois,Saint Clair,17,163,12,42.236559139784944,18.444444444444443,75.11111111111111,12.0,0.0,108.0,0.0,PM2.5,
232,Illinois,Sangamon,17,167,1,39.35746714456392,15.9,66.4,9.1,0.0,91.0,0.0,PM2.5,
233,Illinois,Sangamon,17,167,2,41.232977193942716,18.2,66.2,8.3,0.0,83.0,0.0,PM2.5,
234,Illinois,Sangamon,17,167,3,43.09483870967742,28.3,66.8,7.7,0.0,77.0,0.0,PM2.5,
235,Illinois,Sangamon,17,167,4,44.516666666666666,29.8,65.8,7.2,0.0,72.0,0.0,Ozone,
236,Illinois,Sangamon,17,167,5,49.85741935483871,30.9,82.8,10.6,0.7,106.0,7.0,Ozone,Ozone
237,Illinois,Sangamon,17,167,6,58.985747126436785,32.6,115.8,16.0,2.2,160.0,22.0,Ozone,Ozone
238,Illinois,Sangamon,17,167,7,49.73118279569892,30.555555555555557,85.0,13.444444444444445,0.1111111111111111,121.0,1.0,PM2.5,PM2.5
239,Illinois,Sangamon,17,167,8,46.41302270011947,27.444444444444443,65.22222222222223,11.444444444444445,0.0,103.0,0.0,PM2.5,
240,Illinois,Sangamon,17,167,9,44.34074074074074,24.77777777777778,71.33333333333333,9.88888888888889,0.0,89.0,0.0,PM2.5,
241,Illinois,Sangamon,17,167,10,39.19844683393071,19.555555555555557,66.66666666666667,6.0,0.0,54.0,0.0,PM2.5,
242,Illinois,Sangamon,17,167,11,41.0044061302682,16.0,65.55555555555556,11.444444444444445,0.0,103.0,0.0,PM2.5,
243,Illinois,Sangamon,17,167,12,42.62007168458781,17.0,72.11111111111111,13.444444444444445,0.0,121.0,0.0,PM2.5,
244,Illinois,Will,17,197,1,48.20645161290322,25.1,75.5,16.3,0.0,163.0,0.0,PM2.5,
245,Illinois,Will,17,197,2,48.460960591133,24.0,72.6,15.1,0.0,151.0,0.0,PM2.5,
246,Illinois,Will,17,197,3,47.72903225806452,31.5,71.0,13.0,0.0,130.0,0.0,PM2.5,
247,Illinois,Will,17,197,4,47.97,28.2,73.5,12.0,0.0,120.0,0.0,PM2.5,
248,Illinois,Will,17,197,5,51.10967741935484,27.5,79.2,13.2,0.9,132.0,9.0,PM2.5,Ozone
249,Illinois,Will,17,197,6,61.03333333333334,34.4,117.0,18.3,2.0,183.0,20.0,Ozone,Ozone
250,Illinois,Will,17,197,7,52.79438470728793,33.22222222222222,94.55555555555556,16.0,0.6666666666666666,144.0,6.0,PM2.5,PM2.5
251,Illinois,Will,17,197,8,50.700588837685615,28.444444444444443,73.22222222222223,16.88888888888889,0.0,152.0,0.0,PM2.5,
252,Illinois,Will,17,197,9,45.18518518518519,24.88888888888889,70.55555555555556,10.777777777777779,0.0,97.0,0.0,PM2.5,
253,Illinois,Will,17,197,10,42.03942652329749,21.22222222222222,66.44444444444444,9.444444444444445,0.0,85.0,0.0,PM2.5,
254,Illinois,Will,17,197,11,43.7,19.0,68.0,12.88888888888889,0.0,116.0,0.0,PM2.5,
255,Illinois,Will,17,197,12,46.39976105137396,17.77777777777778,73.77777777777777,15.11111111111111,0.0,136.0,0.0,PM2.5,
256,Illinois,Winnebago,17,201,1,41.2225960944259,18.7,74.6,10.5,0.0,105.0,0.0,PM2.5,
257,Illinois,Winnebago,17,201,2,42.42563793103448,19.0,73.4,9.2,0.0,92.0,0.0,PM2.5,
258,Illinois,Winnebago,17,201,3,43.122150537634404,25.8,67.9,8.7,0.0,87.0,0.0,PM2.5,
259,Illinois,Winnebago,17,201,4,45.31,28.3,75.7,8.4,0.2,84.0,2.0,PM2.5,Ozone
260,Illinois,Winnebago,17,201,5,48.72617866004963,28.0,87.5,10.3,0.6,103.0,6.0,Ozone,Ozone
261,Illinois,Winnebago,17,201,6,58.33,29.1,108.7,14.6,1.7,146.0,17.0,Ozone,Ozone
262,Illinois,Winnebago,17,201,7,48.46594982078853,27.666666666666668,83.0,11.777777777777779,0.4444444444444444,106.0,4.0,PM2.5,PM2.5
263,Illinois,Winnebago,17,201,8,45.40501792114695,25.555555555555557,67.77777777777777,10.222222222222221,0.0,92.0,0.0,PM2.5,
264,Illinois,Winnebago,17,201,9,41.89917695473251,19.11111111111111,73.77777777777777,8.555555555555555,0.3333333333333333,77.0,3.0,PM2.5,Ozone
265,Illinois,Winnebago,17,201,10,38.351254480286734,19.77777777777778,62.111111111111114,7.555555555555555,0.0,68.0,0.0,PM2.5,
266,Illinois,Winnebago,17,201,11,39.16015749969238,15.0,68.55555555555556,8.88888888888889,0.0,80.0,0.0,PM2.5,
267,Illinois,Winnebago,17,201,12,40.42210608984803,16.666666666666668,66.77777777777777,10.88888888888889,0.0,98.0,0.0,PM2.5,
