,County Name,Year,County FIPS,All Events,Events of EF2+,DEATHS_DIRECT,INJURIES_DIRECT,INJURIES_INDIRECT,DEATHS_INDIRECT
0,ADAMS,2007,1,1,0,0,0,0,0
1,ADAMS,2008,1,3,0,0,0,0,0
2,ADAMS,2009,1,1,0,0,0,0,0
3,ADAMS,2023,1,1,0,0,0,0,0
4,ADAMS,2024,1,1,0,0,0,0,0
5,ALEXANDER,2011,3,1,1,0,0,0,0
6,ALEXANDER,2013,3,2,0,0,0,0,0
7,ALEXANDER,2015,3,1,0,0,0,0,0
8,BOND,2010,5,1,0,0,0,0,0
9,BOND,2011,5,2,0,0,0,0,0
10,BOND,2014,5,1,0,0,0,0,0
11,BOND,2021,5,1,0,0,0,0,0
12,BOND,2022,5,1,0,0,0,0,0
13,BOONE,2008,7,2,1,0,4,0,0
14,BOONE,2009,7,1,0,0,0,0,0
15,BOONE,2015,7,5,0,0,0,0,0
16,BOONE,2017,7,1,0,0,0,0,0
17,BOONE,2020,7,1,0,0,0,0,0
18,BOONE,2022,7,2,0,0,0,0,0
19,BOONE,2023,7,3,0,1,40,0,0
20,BOONE,2024,7,1,0,0,0,0,0
21,BROWN,2009,9,1,0,0,0,0,0
22,BROWN,2017,9,1,0,0,1,0,0
23,BROWN,2023,9,1,0,0,1,0,0
24,BUREAU,2009,11,1,0,0,0,0,0
25,BUREAU,2013,11,1,0,0,0,0,0
26,BUREAU,2015,11,1,0,0,0,0,0
27,BUREAU,2016,11,3,0,0,0,0,0
28,BUREAU,2017,11,3,0,0,0,0,0
29,BUREAU,2021,11,3,0,0,0,0,0
30,BUREAU,2023,11,3,0,0,0,0,0
31,BUREAU,2024,11,1,0,0,0,0,0
32,CALHOUN,2010,13,1,0,0,0,0,0
33,CARROLL,2013,15,2,1,0,1,0,0
34,CARROLL,2014,15,1,0,0,0,0,0
35,CARROLL,2015,15,1,0,0,0,0,0
36,CARROLL,2020,15,1,0,0,0,0,0
37,CARROLL,2023,15,2,0,0,0,0,0
38,CARROLL,2024,15,1,0,0,0,0,0
39,CASS,2014,17,1,0,0,0,0,0
40,CASS,2018,17,2,0,0,0,0,0
41,CASS,2021,17,6,1,0,0,0,0
42,CHAMPAIGN,2011,19,1,0,0,0,0,0
43,CHAMPAIGN,2012,19,2,0,0,0,0,0
44,CHAMPAIGN,2013,19,2,2,0,6,0,0
45,CHAMPAIGN,2015,19,1,0,0,0,0,0
46,CHAMPAIGN,2016,19,1,1,0,0,0,0
47,CHAMPAIGN,2018,19,3,0,0,0,0,0
48,CHAMPAIGN,2019,19,3,0,0,0,0,0
49,CHAMPAIGN,2021,19,2,0,0,0,0,0
50,CHAMPAIGN,2023,19,3,0,0,0,0,0
51,CHRISTIAN,2007,21,1,0,0,0,0,0
52,CHRISTIAN,2008,21,1,0,0,0,0,0
53,CHRISTIAN,2009,21,1,0,0,0,0,0
54,CHRISTIAN,2010,21,1,0,0,0,0,0
55,CHRISTIAN,2011,21,3,0,0,0,0,0
56,CHRISTIAN,2013,21,2,0,0,0,0,0
57,CHRISTIAN,2014,21,1,0,0,0,0,0
58,CHRISTIAN,2015,21,1,0,0,0,0,0
59,CHRISTIAN,2017,21,1,0,0,0,0,0
60,CHRISTIAN,2018,21,4,2,0,22,0,0
61,CHRISTIAN,2019,21,6,0,0,0,0,0
62,CHRISTIAN,2021,21,1,0,0,0,0,0
63,CHRISTIAN,2022,21,1,0,0,0,0,0
64,CHRISTIAN,2023,21,8,1,0,0,0,0
65,CLARK,2007,23,1,0,0,0,0,0
66,CLARK,2016,23,1,0,0,0,0,0
67,CLAY,2009,25,1,0,0,0,0,0
68,CLAY,2011,25,1,0,0,0,0,0
69,CLAY,2019,25,1,0,0,0,0,0
70,CLAY,2021,25,2,0,0,0,0,0
71,CLAY,2024,25,1,1,0,0,0,0
72,CLINTON,2011,27,1,1,0,0,0,0
73,CLINTON,2012,27,2,0,0,0,0,0
74,CLINTON,2013,27,2,0,0,0,0,0
75,CLINTON,2020,27,1,0,0,0,0,0
76,CLINTON,2022,27,2,0,0,0,0,0
77,CLINTON,2024,27,2,0,0,0,0,0
78,COLES,2008,29,1,0,0,0,0,0
79,COLES,2013,29,1,0,0,0,0,0
80,COLES,2021,29,3,1,0,0,0,0
81,COOK,2007,31,1,0,0,0,0,0
82,COOK,2008,31,4,1,0,0,0,0
83,COOK,2010,31,1,0,0,0,0,0
84,COOK,2011,31,2,0,0,0,0,0
85,COOK,2015,31,1,0,0,0,0,0
86,COOK,2016,31,1,0,0,0,0,0
87,COOK,2018,31,1,0,0,0,0,0
88,COOK,2019,31,1,0,0,0,0,0
89,COOK,2020,31,3,0,0,0,0,0
90,COOK,2021,31,1,1,0,0,0,0
91,COOK,2022,31,2,0,0,0,0,0
92,COOK,2023,31,6,0,0,1,0,0
93,COOK,2024,31,17,1,0,0,0,0
94,CRAWFORD,2011,33,1,1,0,0,0,0
95,CRAWFORD,2021,33,1,0,0,0,0,0
96,CRAWFORD,2023,33,1,1,3,8,0,0
97,CUMBERLAND,2018,35,1,0,0,0,0,0
98,CUMBERLAND,2019,35,1,0,0,0,0,0
99,CUMBERLAND,2021,35,1,0,0,0,0,0
100,DE KALB,2011,37,1,0,0,0,0,0
101,DE KALB,2013,37,1,0,0,0,0,0
102,DE KALB,2015,37,2,1,2,11,0,0
103,DE KALB,2020,37,3,0,0,0,0,0
104,DE KALB,2021,37,6,0,0,0,0,0
105,DE KALB,2023,37,1,0,0,0,0,0
106,DE KALB,2024,37,4,0,0,0,0,0
107,DE WITT,2009,39,1,0,0,0,0,0
108,DE WITT,2010,39,1,0,0,0,0,0
109,DE WITT,2023,39,1,0,0,0,0,0
110,DOUGLAS,2013,41,3,1,0,0,0,0
111,DU PAGE,2007,43,1,0,0,0,0,0
112,DU PAGE,2008,43,2,0,0,0,0,0
113,DU PAGE,2011,43,1,0,0,0,0,0
114,DU PAGE,2015,43,2,0,0,0,0,0
115,DU PAGE,2020,43,2,0,0,0,0,0
116,DU PAGE,2021,43,2,1,0,11,0,0
117,DU PAGE,2022,43,3,0,0,0,0,0
118,DU PAGE,2023,43,6,0,0,0,0,0
119,DU PAGE,2024,43,6,0,0,0,0,0
120,EDGAR,2008,45,2,0,0,0,0,0
121,EDGAR,2010,45,2,0,0,0,0,0
122,EDGAR,2011,45,1,0,0,0,0,0
123,EDGAR,2014,45,1,0,0,0,0,0
124,EDGAR,2021,45,1,1,0,0,0,0
125,EDWARDS,2007,47,1,0,0,0,0,0
126,EDWARDS,2012,47,1,0,0,0,0,0
127,EDWARDS,2013,47,2,2,0,0,0,0
128,EDWARDS,2015,47,1,0,0,0,0,0
129,EFFINGHAM,2013,49,1,0,0,0,0,0
130,EFFINGHAM,2014,49,1,0,0,0,0,0
131,EFFINGHAM,2016,49,1,0,0,0,0,0
132,EFFINGHAM,2018,49,1,0,0,0,0,0
133,EFFINGHAM,2021,49,2,0,0,0,0,0
134,FAYETTE,2008,51,1,0,0,0,0,0
135,FAYETTE,2011,51,3,2,0,0,0,0
136,FAYETTE,2013,51,1,1,0,0,0,0
137,FAYETTE,2014,51,1,0,0,0,0,0
138,FAYETTE,2018,51,1,1,0,0,0,0
139,FAYETTE,2021,51,1,0,0,0,0,0
140,FORD,2010,53,1,0,0,0,0,0
141,FORD,2011,53,1,0,0,0,0,0
142,FORD,2012,53,1,0,0,0,0,0
143,FORD,2013,53,1,0,0,0,0,0
144,FORD,2020,53,1,0,0,0,0,0
145,FORD,2023,53,2,0,0,0,0,0
146,FORD,2024,53,2,0,0,0,0,0
147,FRANKLIN,2009,55,3,0,0,0,0,0
148,FRANKLIN,2011,55,2,0,0,0,0,0
149,FRANKLIN,2013,55,1,0,0,0,0,0
150,FRANKLIN,2015,55,1,0,0,0,0,0
151,FRANKLIN,2016,55,1,0,0,0,0,0
152,FRANKLIN,2017,55,1,1,0,0,0,0
153,FRANKLIN,2021,55,1,0,0,0,0,0
154,FRANKLIN,2022,55,1,0,0,0,0,0
155,FULTON,2016,57,1,0,0,0,0,0
156,FULTON,2018,57,3,0,0,0,0,0
157,FULTON,2019,57,2,0,0,0,0,0
158,FULTON,2020,57,1,0,0,0,0,0
159,FULTON,2023,57,6,1,0,4,0,0
160,FULTON,2024,57,1,0,0,0,0,0
161,GALLATIN,2011,59,1,0,0,0,0,0
162,GALLATIN,2012,59,1,1,0,13,0,0
163,GALLATIN,2024,59,3,0,0,0,0,0
164,GREENE,2009,61,2,0,0,0,0,0
165,GREENE,2012,61,1,0,0,0,0,0
166,GREENE,2015,61,1,0,0,0,0,0
167,GREENE,2018,61,1,0,0,0,0,0
168,GREENE,2021,61,2,1,0,0,0,0
169,GREENE,2024,61,1,0,0,0,0,0
170,GRUNDY,2013,63,2,1,0,5,0,0
171,GRUNDY,2014,63,1,0,0,0,0,0
172,GRUNDY,2015,63,3,1,0,7,0,0
173,GRUNDY,2016,63,2,0,0,0,0,0
174,GRUNDY,2017,63,1,0,0,0,0,0
175,GRUNDY,2020,63,2,0,0,1,0,0
176,GRUNDY,2023,63,1,0,0,0,0,0
177,GRUNDY,2024,63,1,1,0,0,0,0
178,HAMILTON,2011,65,1,0,0,0,0,0
179,HAMILTON,2015,65,1,0,0,0,0,0
180,HAMILTON,2020,65,1,0,0,0,0,0
181,HANCOCK,2007,67,1,0,0,0,0,0
182,HANCOCK,2008,67,3,0,0,0,0,0
183,HANCOCK,2017,67,1,0,0,0,0,0
184,HANCOCK,2019,67,1,0,0,0,0,0
185,HANCOCK,2023,67,1,0,0,0,0,0
186,HARDIN,2016,69,1,0,0,0,0,0
187,HENDERSON,2015,71,1,0,0,0,0,0
188,HENRY,2013,73,1,0,0,0,0,0
189,HENRY,2014,73,1,0,0,0,0,0
190,HENRY,2015,73,2,0,0,0,0,0
191,HENRY,2017,73,3,1,0,1,0,0
192,HENRY,2018,73,1,0,0,0,0,0
193,HENRY,2020,73,3,0,0,0,0,0
194,HENRY,2021,73,1,0,0,0,0,0
195,HENRY,2023,73,7,6,0,0,0,0
196,HENRY,2024,73,6,0,0,0,0,0
197,IROQUOIS,2009,75,1,0,0,0,0,0
198,IROQUOIS,2010,75,1,0,0,0,0,0
199,IROQUOIS,2012,75,1,0,0,0,0,0
200,IROQUOIS,2013,75,2,0,0,0,0,0
201,IROQUOIS,2016,75,2,0,0,0,0,0
202,IROQUOIS,2019,75,2,0,0,0,0,0
203,IROQUOIS,2020,75,1,0,0,0,0,0
204,IROQUOIS,2021,75,2,0,0,0,0,0
205,IROQUOIS,2023,75,2,0,0,0,0,0
206,JACKSON,2008,77,1,0,0,0,0,0
207,JACKSON,2009,77,3,0,0,0,0,0
208,JACKSON,2010,77,1,0,0,0,0,0
209,JACKSON,2011,77,1,0,0,0,0,0
210,JACKSON,2012,77,3,1,0,0,0,0
211,JACKSON,2014,77,2,0,0,0,0,0
212,JACKSON,2015,77,2,0,0,0,0,0
213,JACKSON,2017,77,2,1,0,0,0,0
214,JACKSON,2023,77,1,0,0,0,0,0
215,JACKSON,2024,77,2,0,0,1,0,0
216,JASPER,2013,79,1,0,0,0,0,0
217,JASPER,2023,79,2,0,0,0,0,0
218,JEFFERSON,2008,81,1,0,0,0,0,0
219,JEFFERSON,2009,81,2,0,0,0,0,0
220,JEFFERSON,2010,81,1,0,0,0,0,0
221,JEFFERSON,2011,81,3,1,0,0,0,0
222,JEFFERSON,2012,81,1,1,1,2,0,0
223,JEFFERSON,2013,81,1,0,0,0,0,0
224,JEFFERSON,2014,81,2,0,0,0,0,0
225,JEFFERSON,2017,81,1,0,0,0,0,0
226,JEFFERSON,2020,81,1,0,0,0,0,0
227,JEFFERSON,2024,81,1,0,0,0,0,0
228,JERSEY,2007,83,1,0,0,0,0,0
229,JERSEY,2009,83,2,1,0,0,0,0
230,JERSEY,2012,83,1,0,0,0,0,0
231,JERSEY,2014,83,1,0,0,0,0,0
232,JERSEY,2017,83,1,0,0,0,0,0
233,JERSEY,2018,83,1,0,0,0,0,0
234,JERSEY,2024,83,4,0,0,0,0,0
235,JO DAVIESS,2007,85,2,0,0,0,0,0
236,JO DAVIESS,2011,85,2,0,0,0,0,0
237,JO DAVIESS,2013,85,1,0,0,0,0,0
238,JO DAVIESS,2017,85,1,0,0,0,0,0
239,JO DAVIESS,2020,85,1,0,0,0,0,0
240,JO DAVIESS,2023,85,1,0,0,0,0,0
241,JO DAVIESS,2024,85,3,1,0,0,0,0
242,JOHNSON,2011,87,1,0,0,0,0,0
243,JOHNSON,2013,87,1,0,0,0,0,0
244,JOHNSON,2015,87,1,0,0,0,0,0
245,JOHNSON,2024,87,2,1,0,1,0,0
246,KANE,2009,89,2,0,0,0,0,0
247,KANE,2010,89,1,0,0,0,0,0
248,KANE,2018,89,1,0,0,0,0,0
249,KANE,2020,89,3,0,0,0,0,0
250,KANE,2021,89,3,0,0,0,0,0
251,KANE,2022,89,1,0,0,0,0,0
252,KANE,2023,89,5,0,0,0,0,0
253,KANE,2024,89,10,0,0,0,0,0
254,KANKAKEE,2007,91,1,0,0,0,0,0
255,KANKAKEE,2008,91,1,0,0,0,0,0
256,KANKAKEE,2009,91,2,0,0,0,0,0
257,KANKAKEE,2010,91,3,1,0,1,0,0
258,KANKAKEE,2011,91,2,0,0,0,0,0
259,KANKAKEE,2013,91,1,0,0,0,0,0
260,KANKAKEE,2014,91,11,1,0,0,0,0
261,KANKAKEE,2015,91,2,0,0,0,0,0
262,KANKAKEE,2016,91,1,0,0,0,0,0
263,KANKAKEE,2020,91,1,0,0,0,0,0
264,KANKAKEE,2023,91,4,0,0,0,0,0
265,KANKAKEE,2024,91,5,0,0,0,0,0
266,KENDALL,2014,93,1,0,0,0,0,0
267,KENDALL,2019,93,1,0,0,0,0,0
268,KENDALL,2020,93,3,0,0,0,0,0
269,KENDALL,2022,93,1,0,0,0,0,0
270,KENDALL,2023,93,8,0,0,0,0,0
271,KENDALL,2024,93,3,0,0,0,0,0
272,KNOX,2010,95,2,1,0,0,0,0
273,KNOX,2017,95,1,0,0,0,0,0
274,KNOX,2019,95,1,0,0,0,0,0
275,KNOX,2020,95,1,0,0,0,0,0
276,KNOX,2021,95,1,0,0,0,0,0
277,KNOX,2024,95,1,0,0,0,0,0
278,LA SALLE,2010,99,4,1,0,17,0,0
279,LA SALLE,2013,99,2,1,0,0,0,0
280,LA SALLE,2014,99,1,0,0,0,0,0
281,LA SALLE,2015,99,3,0,0,0,0,0
282,LA SALLE,2016,99,8,1,0,0,0,0
283,LA SALLE,2017,99,5,2,2,14,0,0
284,LA SALLE,2018,99,1,0,0,0,0,0
285,LA SALLE,2020,99,1,0,0,0,0,0
286,LA SALLE,2021,99,1,0,0,0,0,0
287,LA SALLE,2023,99,2,0,0,0,0,0
288,LA SALLE,2024,99,2,0,0,0,0,0
289,LAKE,2015,97,1,0,0,0,0,0
290,LAKE,2019,97,1,0,0,1,0,0
291,LAKE,2020,97,1,0,0,0,0,0
292,LAKE,2023,97,2,0,0,0,0,0
293,LAKE,2024,97,1,0,0,1,0,0
294,LAWRENCE,2009,101,1,0,0,1,0,0
295,LAWRENCE,2015,101,1,0,0,0,0,0
296,LAWRENCE,2024,101,1,0,0,0,0,0
297,LEE,2010,103,1,0,0,0,0,0
298,LEE,2013,103,1,0,0,0,0,0
299,LEE,2015,103,4,1,0,7,0,0
300,LEE,2016,103,2,0,0,0,0,0
301,LEE,2019,103,1,0,0,0,0,0
302,LEE,2020,103,1,0,0,0,0,0
303,LEE,2021,103,1,0,0,0,0,0
304,LEE,2023,103,4,1,0,0,0,0
305,LEE,2024,103,1,0,0,0,0,0
306,LIVINGSTON,2008,105,3,0,0,0,0,0
307,LIVINGSTON,2009,105,1,0,0,0,0,0
308,LIVINGSTON,2010,105,6,2,1,13,0,0
309,LIVINGSTON,2013,105,2,1,0,0,0,0
310,LIVINGSTON,2015,105,2,0,0,0,0,0
311,LIVINGSTON,2016,105,2,1,0,4,0,0
312,LIVINGSTON,2021,105,1,0,0,0,0,0
313,LIVINGSTON,2023,105,1,0,0,0,0,0
314,LIVINGSTON,2024,105,4,0,0,0,0,0
315,LOGAN,2007,107,1,0,0,0,0,0
316,LOGAN,2009,107,1,1,0,2,0,0
317,LOGAN,2010,107,1,0,0,0,0,0
318,LOGAN,2019,107,3,0,0,0,0,0
319,LOGAN,2021,107,1,0,0,0,0,0
320,LOGAN,2022,107,1,0,0,0,0,0
321,LOGAN,2023,107,4,1,0,0,0,0
322,LOGAN,2024,107,2,0,0,1,0,0
323,MACON,2007,115,1,0,0,1,0,0
324,MACON,2011,115,2,0,0,0,0,0
325,MACON,2013,115,1,0,0,0,0,0
326,MACON,2014,115,3,0,0,0,0,0
327,MACON,2015,115,1,0,0,0,0,0
328,MACON,2017,115,1,0,0,0,0,0
329,MACON,2018,115,3,0,0,0,0,0
330,MACON,2019,115,2,0,0,0,0,0
331,MACON,2020,115,1,0,0,0,0,0
332,MACON,2021,115,1,0,0,0,0,0
333,MACON,2023,115,5,0,0,0,0,0
334,MACON,2024,115,3,0,0,0,0,0
335,MACOUPIN,2007,117,2,0,0,0,0,0
336,MACOUPIN,2009,117,2,0,0,0,0,0
337,MACOUPIN,2011,117,1,1,0,2,0,0
338,MACOUPIN,2013,117,3,2,0,3,0,0
339,MACOUPIN,2017,117,2,0,0,0,0,0
340,MACOUPIN,2018,117,1,0,0,0,0,0
341,MACOUPIN,2019,117,1,0,0,0,0,0
342,MACOUPIN,2020,117,1,0,0,0,0,0
343,MACOUPIN,2021,117,1,0,0,0,0,0
344,MACOUPIN,2023,117,1,0,0,0,0,0
345,MACOUPIN,2024,117,5,0,0,0,0,0
346,MADISON,2007,119,1,0,0,0,0,0
347,MADISON,2011,119,6,3,0,1,0,0
348,MADISON,2012,119,1,0,0,0,0,0
349,MADISON,2013,119,1,1,0,0,0,0
350,MADISON,2014,119,1,0,0,0,0,0
351,MADISON,2021,119,2,1,6,1,0,0
352,MADISON,2023,119,1,0,0,0,0,0
353,MADISON,2024,119,4,0,0,0,0,0
354,MARION,2008,121,3,0,0,0,0,0
355,MARION,2011,121,1,0,0,0,0,0
356,MARION,2012,121,1,0,0,0,0,0
357,MARION,2014,121,1,0,0,0,0,0
358,MARION,2015,121,1,0,0,0,0,0
359,MARION,2019,121,1,0,0,0,0,0
360,MARION,2022,121,1,0,0,0,0,0
361,MARION,2023,121,1,0,0,0,0,0
362,MARION,2024,121,4,0,0,0,0,0
363,MARSHALL,2010,123,1,0,0,0,0,0
364,MARSHALL,2012,123,2,0,0,0,0,0
365,MARSHALL,2017,123,1,1,0,0,0,0
366,MARSHALL,2024,123,6,0,0,0,0,0
367,MASON,2009,125,1,0,0,0,0,0
368,MASON,2011,125,1,0,0,1,0,0
369,MASON,2015,125,1,0,0,0,0,0
370,MASON,2017,125,1,0,0,0,0,0
371,MASON,2018,125,2,0,0,0,0,0
372,MASON,2021,125,1,0,0,0,0,0
373,MASON,2022,125,2,0,0,0,0,0
374,MASSAC,2011,127,2,1,0,0,0,0
375,MASSAC,2012,127,1,1,0,0,0,0
376,MASSAC,2013,127,1,1,3,33,0,0
377,MASSAC,2016,127,1,0,0,2,0,0
378,MASSAC,2017,127,1,0,0,0,0,0
379,MASSAC,2018,127,1,0,0,0,0,0
380,MASSAC,2020,127,1,0,0,0,0,0
381,MASSAC,2023,127,1,0,0,0,0,0
382,MCDONOUGH,2008,109,1,0,0,0,0,0
383,MCDONOUGH,2010,109,1,0,0,0,0,0
384,MCDONOUGH,2015,109,1,0,0,0,0,0
385,MCDONOUGH,2016,109,2,1,0,0,0,0
386,MCDONOUGH,2018,109,2,0,0,0,0,0
387,MCDONOUGH,2019,109,2,0,0,0,0,0
388,MCDONOUGH,2022,109,3,0,0,0,0,0
389,MCDONOUGH,2023,109,1,0,0,0,0,0
390,MCDONOUGH,2024,109,3,0,0,0,0,0
391,MCHENRY,2008,111,1,1,0,1,0,0
392,MCHENRY,2009,111,1,0,0,0,0,0
393,MCHENRY,2010,111,1,0,0,0,0,0
394,MCHENRY,2015,111,3,0,0,0,0,0
395,MCHENRY,2017,111,1,0,0,0,0,0
396,MCHENRY,2020,111,1,0,0,0,0,0
397,MCHENRY,2021,111,1,0,0,0,0,0
398,MCHENRY,2023,111,3,0,0,0,0,0
399,MCHENRY,2024,111,1,0,0,0,0,0
400,MCLEAN,2007,113,1,0,0,0,0,0
401,MCLEAN,2008,113,2,0,0,0,0,0
402,MCLEAN,2009,113,1,0,0,0,0,0
403,MCLEAN,2011,113,2,0,0,0,0,0
404,MCLEAN,2014,113,1,0,0,0,0,0
405,MCLEAN,2018,113,5,1,0,0,0,0
406,MCLEAN,2019,113,1,0,0,0,0,0
407,MCLEAN,2020,113,1,0,0,0,0,0
408,MCLEAN,2021,113,1,0,0,0,0,0
409,MCLEAN,2022,113,2,0,0,0,0,0
410,MCLEAN,2023,113,1,0,0,0,0,0
411,MCLEAN,2024,113,5,0,0,0,0,0
412,MENARD,2010,129,1,1,0,1,0,0
413,MENARD,2011,129,2,0,0,0,0,0
414,MENARD,2015,129,1,0,0,0,0,0
415,MENARD,2019,129,1,0,0,0,0,0
416,MENARD,2021,129,1,1,0,0,0,0
417,MERCER,2014,131,3,0,0,0,0,0
418,MERCER,2015,131,3,1,0,0,0,0
419,MERCER,2017,131,1,0,0,0,0,0
420,MERCER,2019,131,1,0,0,0,0,0
421,MERCER,2020,131,2,0,0,0,0,0
422,MERCER,2022,131,2,0,0,0,0,0
423,MERCER,2024,131,1,0,0,0,0,0
424,MONROE,2008,133,1,0,0,0,0,0
425,MONROE,2010,133,2,1,0,0,0,0
426,MONROE,2011,133,1,1,0,1,0,0
427,MONROE,2014,133,2,0,0,0,0,0
428,MONROE,2019,133,1,0,0,0,0,0
429,MONROE,2023,133,4,0,0,0,0,0
430,MONROE,2024,133,1,0,0,0,0,0
431,MONTGOMERY,2010,135,1,0,0,0,0,0
432,MONTGOMERY,2011,135,2,2,0,0,0,0
433,MONTGOMERY,2013,135,2,0,0,0,0,0
434,MONTGOMERY,2014,135,1,0,0,0,0,0
435,MONTGOMERY,2016,135,1,0,0,0,0,0
436,MONTGOMERY,2017,135,2,0,0,0,0,0
437,MONTGOMERY,2018,135,4,1,0,0,0,0
438,MONTGOMERY,2019,135,1,0,0,0,0,0
439,MONTGOMERY,2020,135,5,0,0,0,0,0
440,MONTGOMERY,2021,135,1,0,0,0,0,0
441,MONTGOMERY,2022,135,1,0,0,0,0,0
442,MONTGOMERY,2023,135,1,0,0,0,0,0
443,MORGAN,2008,137,1,0,0,0,0,0
444,MORGAN,2009,137,2,0,0,0,0,0
445,MORGAN,2012,137,2,0,0,1,0,0
446,MORGAN,2014,137,2,0,0,0,0,0
447,MORGAN,2017,137,1,0,0,0,0,0
448,MORGAN,2018,137,1,0,0,0,0,0
449,MORGAN,2020,137,1,0,0,0,0,0
450,MORGAN,2021,137,2,0,0,0,0,0
451,MORGAN,2023,137,2,0,0,0,0,0
452,MOULTRIE,2013,139,1,0,0,0,0,0
453,MOULTRIE,2019,139,1,0,0,0,0,0
454,MOULTRIE,2020,139,2,0,0,0,0,0
455,MOULTRIE,2021,139,1,1,0,0,0,0
456,OGLE,2011,141,3,0,0,0,0,0
457,OGLE,2015,141,2,1,0,0,0,0
458,OGLE,2017,141,1,0,0,0,0,0
459,OGLE,2020,141,2,0,0,0,0,0
460,OGLE,2021,141,1,0,0,0,0,0
461,OGLE,2022,141,1,0,0,0,0,0
462,OGLE,2023,141,2,0,0,0,0,0
463,OGLE,2024,141,4,0,0,0,0,0
464,PEORIA,2009,143,1,0,0,0,0,0
465,PEORIA,2010,143,5,1,0,0,0,0
466,PEORIA,2013,143,1,0,0,0,0,0
467,PEORIA,2015,143,1,0,0,0,0,0
468,PEORIA,2016,143,2,1,0,0,0,0
469,PEORIA,2017,143,3,0,0,0,0,0
470,PEORIA,2020,143,2,0,0,0,0,0
471,PEORIA,2024,143,3,0,0,0,0,0
472,PERRY,2009,145,2,0,0,0,0,0
473,PERRY,2011,145,1,0,0,1,0,0
474,PERRY,2015,145,2,0,0,0,0,0
475,PERRY,2017,145,1,0,0,0,0,0
476,PERRY,2020,145,1,0,0,1,0,0
477,PIATT,2012,147,1,0,0,0,0,0
478,PIATT,2015,147,1,0,0,0,0,0
479,PIATT,2019,147,1,0,0,0,0,0
480,PIATT,2020,147,1,0,0,0,0,0
481,PIATT,2021,147,2,0,0,0,0,0
482,PIKE,2007,149,2,0,0,2,0,0
483,PIKE,2008,149,3,0,0,0,0,0
484,PIKE,2014,149,1,1,0,1,0,0
485,PIKE,2018,149,4,0,0,0,0,0
486,PIKE,2021,149,1,0,0,0,0,0
487,POPE,2013,151,1,1,0,0,0,0
488,POPE,2016,151,1,0,0,0,0,0
489,POPE,2019,151,1,0,0,0,0,0
490,PULASKI,2011,153,3,0,0,0,0,0
491,PULASKI,2012,153,1,1,0,0,0,0
492,PULASKI,2013,153,1,0,0,0,0,0
493,PULASKI,2019,153,1,0,0,0,0,0
494,PUTNAM,2010,155,1,1,0,0,0,0
495,PUTNAM,2016,155,2,0,0,0,0,0
496,PUTNAM,2021,155,1,0,0,0,0,0
497,PUTNAM,2024,155,1,0,0,0,0,0
498,RANDOLPH,2008,157,3,0,0,0,0,0
499,RANDOLPH,2009,157,3,0,0,1,0,0
500,RANDOLPH,2014,157,1,0,0,0,0,0
501,RANDOLPH,2017,157,1,1,0,0,0,0
502,RANDOLPH,2021,157,1,1,0,0,0,0
503,RANDOLPH,2024,157,1,0,0,0,0,0
504,RICHLAND,2008,159,1,0,0,0,0,0
505,RICHLAND,2011,159,1,0,0,0,0,0
506,RICHLAND,2015,159,2,0,0,0,0,0
507,RICHLAND,2016,159,1,0,0,0,0,0
508,RICHLAND,2017,159,1,0,0,0,0,0
509,RICHLAND,2021,159,1,0,0,0,0,0
510,RICHLAND,2022,159,1,0,0,0,0,0
511,ROCK ISLAND,2008,161,1,0,0,0,0,0
512,ROCK ISLAND,2013,161,1,0,0,0,0,0
513,ROCK ISLAND,2015,161,4,1,0,0,0,0
514,ROCK ISLAND,2016,161,3,1,0,10,0,0
515,ROCK ISLAND,2017,161,1,0,0,0,0,0
516,ROCK ISLAND,2020,161,1,0,0,0,0,0
517,ROCK ISLAND,2023,161,3,0,0,0,0,0
518,ROCK ISLAND,2024,161,4,0,0,0,0,0
519,SALINE,2012,165,1,1,8,95,0,0
520,SALINE,2013,165,2,1,0,2,0,0
521,SALINE,2018,165,1,1,0,0,0,0
522,SALINE,2024,165,3,1,0,2,0,0
523,SANGAMON,2007,167,1,0,0,0,0,0
524,SANGAMON,2008,167,1,0,0,0,0,0
525,SANGAMON,2009,167,4,2,0,22,0,0
526,SANGAMON,2014,167,2,0,0,0,0,0
527,SANGAMON,2016,167,1,0,0,0,0,0
528,SANGAMON,2018,167,1,0,0,0,0,0
529,SANGAMON,2019,167,1,0,0,0,0,0
530,SANGAMON,2020,167,4,0,0,0,0,0
531,SANGAMON,2021,167,3,0,0,0,0,0
532,SANGAMON,2023,167,5,3,0,0,0,0
533,SCHUYLER,2011,169,1,0,0,0,0,0
534,SCHUYLER,2018,169,2,0,0,0,0,0
535,SCHUYLER,2019,169,1,0,0,0,0,0
536,SCHUYLER,2021,169,1,0,0,0,0,0
537,SCOTT,2008,171,1,0,0,0,0,0
538,SCOTT,2009,171,1,0,0,0,0,0
539,SCOTT,2023,171,1,0,0,0,0,0
540,SHELBY,2008,173,1,0,0,0,0,0
541,SHELBY,2009,173,2,0,0,0,0,0
542,SHELBY,2011,173,2,0,0,0,0,0
543,SHELBY,2014,173,4,2,0,1,0,0
544,SHELBY,2019,173,1,0,0,0,0,0
545,SHELBY,2021,173,2,2,0,1,0,0
546,ST. CLAIR,2009,163,1,1,0,0,0,0
547,ST. CLAIR,2010,163,1,0,0,0,0,0
548,ST. CLAIR,2011,163,1,0,0,0,0,0
549,ST. CLAIR,2014,163,2,0,0,0,0,0
550,ST. CLAIR,2016,163,1,0,0,0,0,0
551,ST. CLAIR,2019,163,1,0,0,0,0,0
552,ST. CLAIR,2022,163,1,0,0,0,0,0
553,ST. CLAIR,2023,163,4,0,0,0,0,0
554,ST. CLAIR,2024,163,2,0,0,0,0,0
555,STARK,2012,175,3,0,0,0,0,0
556,STARK,2016,175,1,0,0,0,0,0
557,STARK,2017,175,1,0,0,0,0,0
558,STARK,2024,175,1,0,0,0,0,0
559,STEPHENSON,2009,177,1,0,0,0,0,0
560,STEPHENSON,2010,177,1,0,0,0,0,0
561,STEPHENSON,2017,177,2,0,0,0,0,0
562,STEPHENSON,2020,177,1,0,0,0,0,0
563,STEPHENSON,2022,177,1,0,0,0,0,0
564,STEPHENSON,2023,177,1,0,0,0,0,0
565,STEPHENSON,2024,177,3,0,0,0,0,0
566,TAZEWELL,2008,179,3,0,0,0,0,0
567,TAZEWELL,2010,179,1,1,0,0,0,0
568,TAZEWELL,2013,179,2,2,3,131,0,0
569,TAZEWELL,2015,179,2,1,0,1,1,0
570,TAZEWELL,2017,179,2,1,0,0,0,0
571,TAZEWELL,2018,179,1,0,0,0,0,0
572,TAZEWELL,2019,179,3,0,0,0,0,0
573,TAZEWELL,2020,179,2,0,0,0,0,0
574,TAZEWELL,2023,179,2,0,0,0,0,0
575,TAZEWELL,2024,179,3,0,0,0,0,0
576,UNION,2007,181,1,0,0,0,0,0
577,UNION,2008,181,1,0,0,0,0,0
578,UNION,2011,181,1,0,0,0,0,0
579,UNION,2012,181,1,1,0,0,0,0
580,UNION,2014,181,3,0,0,0,0,0
581,UNION,2018,181,2,0,0,0,0,0
582,UNION,2020,181,1,0,0,0,0,0
583,UNION,2024,181,1,0,0,0,0,0
584,VERMILION,2009,183,4,0,0,0,0,0
585,VERMILION,2010,183,3,0,0,0,0,0
586,VERMILION,2011,183,3,0,0,0,0,0
587,VERMILION,2012,183,2,0,0,0,0,0
588,VERMILION,2013,183,3,2,0,1,0,0
589,VERMILION,2016,183,2,0,0,0,0,0
590,VERMILION,2017,183,1,0,0,0,0,0
591,VERMILION,2019,183,2,0,0,0,0,0
592,VERMILION,2021,183,1,0,0,0,0,0
593,VERMILION,2023,183,1,0,0,0,0,0
594,VERMILION,2024,183,2,0,0,0,0,0
595,WABASH,2010,185,2,0,0,0,0,0
596,WABASH,2011,185,2,1,0,0,0,0
597,WABASH,2013,185,2,1,0,1,0,0
598,WABASH,2022,185,1,1,0,0,0,0
599,WABASH,2024,185,1,0,0,0,0,0
600,WARREN,2009,187,1,0,0,0,0,0
601,WARREN,2015,187,4,2,0,1,0,0
602,WARREN,2016,187,2,0,0,0,0,0
603,WARREN,2021,187,1,0,0,0,0,0
604,WARREN,2022,187,2,0,0,0,0,0
605,WARREN,2024,187,1,0,0,0,0,0
606,WASHINGTON,2009,189,3,1,0,0,0,0
607,WASHINGTON,2011,189,2,1,0,0,0,0
608,WASHINGTON,2012,189,1,0,0,1,0,0
609,WASHINGTON,2013,189,2,1,2,2,0,0
610,WASHINGTON,2021,189,1,0,0,0,0,0
611,WASHINGTON,2023,189,1,0,0,0,0,0
612,WAYNE,2009,191,3,1,0,1,0,0
613,WAYNE,2011,191,1,1,0,2,0,0
614,WAYNE,2013,191,3,1,0,0,0,0
615,WAYNE,2014,191,2,0,0,0,0,0
616,WAYNE,2015,191,1,0,0,0,0,0
617,WAYNE,2021,191,1,0,0,0,0,0
618,WAYNE,2022,191,1,0,0,0,0,0
619,WAYNE,2024,191,1,0,0,0,0,0
620,WHITE,2011,193,2,1,0,0,0,0
621,WHITE,2012,193,2,1,0,0,0,0
622,WHITE,2014,193,1,0,0,0,0,0
623,WHITE,2015,193,2,0,0,0,0,0
624,WHITE,2017,193,1,1,1,1,0,0
625,WHITE,2018,193,2,0,0,0,0,0
626,WHITE,2022,193,1,0,0,0,0,0
627,WHITE,2024,193,2,0,0,0,0,0
628,WHITESIDE,2013,195,1,0,0,0,0,0
629,WHITESIDE,2015,195,5,0,0,0,0,0
630,WHITESIDE,2016,195,1,0,0,0,0,0
631,WHITESIDE,2017,195,4,0,0,0,0,0
632,WHITESIDE,2020,195,6,0,0,0,0,0
633,WHITESIDE,2022,195,1,0,0,0,0,0
634,WHITESIDE,2023,195,3,0,0,0,0,0
635,WHITESIDE,2024,195,1,0,0,0,0,0
636,WILL,2007,197,2,0,0,0,0,0
637,WILL,2008,197,5,4,0,6,0,0
638,WILL,2010,197,1,1,0,2,0,0
639,WILL,2013,197,4,2,0,0,0,0
640,WILL,2014,197,1,0,0,0,0,0
641,WILL,2015,197,4,1,0,0,0,0
642,WILL,2017,197,1,0,0,0,0,0
643,WILL,2018,197,3,0,0,0,0,0
644,WILL,2019,197,2,0,0,0,0,0
645,WILL,2020,197,2,0,0,0,0,0
646,WILL,2021,197,3,0,0,0,0,0
647,WILL,2022,197,3,0,0,0,0,0
648,WILL,2023,197,8,0,0,0,0,0
649,WILL,2024,197,7,1,0,4,0,0
650,WILLIAMSON,2009,199,1,0,0,0,0,0
651,WILLIAMSON,2012,199,1,1,0,0,0,0
652,WILLIAMSON,2013,199,1,0,0,0,0,0
653,WILLIAMSON,2014,199,1,0,0,0,0,0
654,WILLIAMSON,2017,199,2,0,0,0,0,0
655,WILLIAMSON,2018,199,4,0,0,0,0,0
656,WILLIAMSON,2024,199,4,1,0,0,0,0
657,WINNEBAGO,2010,201,1,1,0,6,0,0
658,WINNEBAGO,2011,201,3,0,0,0,0,0
659,WINNEBAGO,2015,201,1,0,0,0,0,0
660,WINNEBAGO,2017,201,2,0,0,0,0,0
661,WINNEBAGO,2020,201,2,0,0,0,0,0
662,WINNEBAGO,2023,201,3,0,0,0,0,0
663,WINNEBAGO,2024,201,2,0,0,0,0,0
664,WOODFORD,2008,203,1,0,0,0,0,0
665,WOODFORD,2010,203,1,1,0,0,0,0
666,WOODFORD,2012,203,3,0,0,0,0,0
667,WOODFORD,2013,203,1,1,0,4,0,0
668,WOODFORD,2014,203,1,0,0,0,0,0
669,WOODFORD,2017,203,1,1,0,0,0,0
670,WOODFORD,2019,203,1,0,0,0,0,0
671,WOODFORD,2020,203,1,0,0,0,0,0
672,WOODFORD,2021,203,3,0,0,0,0,0
673,WOODFORD,2023,203,1,0,0,0,0,0
674,WOODFORD,2024,203,4,0,0,0,0,0
