,County,Year,FIPS,HI Days above 90,HI Hours above 90,HI Days above 104,HI Hours above 104,HI JJA Av. Daily High,HI JJA Av. Daily Low
0,"Adams County, IL",2016,17001.0,56,390,7,26,90.57359193700097,69.58974605771006
1,"Adams County, IL",2017,17001.0,40,240,4,15,87.47851352333846,65.50092011158223
2,"Adams County, IL",2018,17001.0,64,442,3,6,89.95719185219059,68.82523980079998
3,"Adams County, IL",2019,17001.0,49,305,3,9,87.53491432798305,67.89435556171516
4,"Adams County, IL",2020,17001.0,41,286,2,3,88.7291142754903,67.70085131240573
5,"Adams County, IL",2021,17001.0,42,289,5,10,89.02382556861399,68.19481840602903
6,"Adams County, IL",2022,17001.0,45,351,6,29,89.07969354285005,67.69899552399652
7,"Adams County, IL",2023,17001.0,35,292,8,66,88.4887548761923,66.97738083420501
8,"Adams County, IL",2024,17001.0,41,297,4,19,88.35047702355577,67.29743352217314
9,"Alexander County, IL",2016,17003.0,84,699,11,25,94.72298200480064,73.99411237131604
10,"Alexander County, IL",2017,17003.0,51,371,4,15,89.68618254811442,69.89341315912873
11,"Alexander County, IL",2018,17003.0,94,672,3,11,93.06468300644566,72.70054274577498
12,"Alexander County, IL",2019,17003.0,72,502,4,12,90.33254970568625,70.73749985728371
13,"Alexander County, IL",2020,17003.0,58,413,1,2,91.25679379737346,71.70099205665832
14,"Alexander County, IL",2021,17003.0,58,475,4,11,91.57038732194243,71.75984360711875
15,"Alexander County, IL",2022,17003.0,64,632,14,64,93.61515663571677,72.32587241307564
16,"Alexander County, IL",2023,17003.0,59,447,13,83,92.28982137372805,70.37854850547853
17,"Alexander County, IL",2024,17003.0,59,487,11,43,91.96861380759138,70.17258429337664
18,"Bond County, IL",2016,17005.0,60,468,4,20,91.57337444357233,71.07293445693968
19,"Bond County, IL",2017,17005.0,46,283,4,8,88.49819864527618,67.8142343723795
20,"Bond County, IL",2018,17005.0,70,477,1,4,90.16878685329398,70.19237440606904
21,"Bond County, IL",2019,17005.0,56,334,3,7,88.19284878766649,68.74763019559106
22,"Bond County, IL",2020,17005.0,47,306,1,2,89.17467540996041,69.40085649116756
23,"Bond County, IL",2021,17005.0,54,404,2,6,90.25383686604589,70.34145279221394
24,"Bond County, IL",2022,17005.0,48,426,8,30,90.43302510776816,69.67613805123189
25,"Bond County, IL",2023,17005.0,37,312,10,71,89.34226450760865,68.23674665482108
26,"Bond County, IL",2024,17005.0,48,332,3,12,89.20649461206625,68.4031268090472
27,"Boone County, IL",2016,17007.0,19,109,2,4,83.47585186100383,64.28772030986217
28,"Boone County, IL",2017,17007.0,11,62,0,0,80.08019613614529,61.1213612993437
29,"Boone County, IL",2018,17007.0,27,159,2,9,82.85855551559418,63.846195020526615
30,"Boone County, IL",2019,17007.0,20,118,2,4,82.35757949667918,63.004510504472925
31,"Boone County, IL",2020,17007.0,22,145,0,0,84.8749274301127,64.26897826075609
32,"Boone County, IL",2021,17007.0,28,154,1,2,85.57266032794598,65.49253717602464
33,"Boone County, IL",2022,17007.0,16,98,1,4,82.66850247782195,63.37888039640219
34,"Boone County, IL",2023,17007.0,15,103,2,19,82.54998966779368,62.27043477236235
35,"Boone County, IL",2024,17007.0,19,98,2,7,82.42382385796334,62.95725830867198
36,"Brown County, IL",2016,17009.0,58,393,5,26,90.64333566587499,69.36867361149659
37,"Brown County, IL",2017,17009.0,39,234,3,14,87.27693116000358,65.00705685008423
38,"Brown County, IL",2018,17009.0,60,431,3,10,89.81120197265382,68.30263212579226
39,"Brown County, IL",2019,17009.0,50,301,3,7,87.39997143664459,67.58495995039476
40,"Brown County, IL",2020,17009.0,41,281,2,3,88.61257995597313,67.3417946232295
41,"Brown County, IL",2021,17009.0,42,292,5,15,89.11688274043006,67.9188243134884
42,"Brown County, IL",2022,17009.0,43,329,4,27,88.85253431381938,67.31899051418682
43,"Brown County, IL",2023,17009.0,37,283,7,64,88.41720732755441,66.48756959584559
44,"Brown County, IL",2024,17009.0,40,294,4,19,88.40326797900575,67.14901438169476
45,"Bureau County, IL",2016,17011.0,36,197,2,11,86.59209963871918,66.79507573419971
46,"Bureau County, IL",2017,17011.0,29,129,0,0,83.68793134073535,62.69008129407186
47,"Bureau County, IL",2018,17011.0,39,275,3,9,86.2901902589169,65.58797769045962
48,"Bureau County, IL",2019,17011.0,28,177,2,10,84.90624810682407,64.86230426141071
49,"Bureau County, IL",2020,17011.0,29,185,0,0,86.76690571211411,65.97455858138623
50,"Bureau County, IL",2021,17011.0,30,197,2,9,86.33063373256864,66.35661759093453
51,"Bureau County, IL",2022,17011.0,23,179,4,16,85.16844773662379,65.06737068319944
52,"Bureau County, IL",2023,17011.0,17,154,3,29,84.86719511781028,63.45770411843329
53,"Bureau County, IL",2024,17011.0,29,185,3,13,85.18090224562255,65.02311431598791
54,"Calhoun County, IL",2016,17013.0,65,489,7,30,92.03265416527893,71.14045406412353
55,"Calhoun County, IL",2017,17013.0,45,298,4,16,88.39353624878997,67.04374513319847
56,"Calhoun County, IL",2018,17013.0,70,479,5,14,90.82427331124615,69.82339367087357
57,"Calhoun County, IL",2019,17013.0,56,353,4,7,88.1578328118693,68.44034228088267
58,"Calhoun County, IL",2020,17013.0,50,317,1,1,89.48520960939403,68.90319187886213
59,"Calhoun County, IL",2021,17013.0,50,375,6,16,90.34795462057242,69.68915017011088
60,"Calhoun County, IL",2022,17013.0,50,435,12,51,90.37003426979409,69.09781812593927
61,"Calhoun County, IL",2023,17013.0,41,349,10,82,89.75841257597216,68.12033173822923
62,"Calhoun County, IL",2024,17013.0,45,324,7,21,89.26295943552384,68.2767440128209
63,"Carroll County, IL",2016,17015.0,23,137,2,8,85.01912769385282,65.59424914344895
64,"Carroll County, IL",2017,17015.0,18,84,0,0,81.7287035563883,61.804952307287024
65,"Carroll County, IL",2018,17015.0,32,194,1,5,84.46379995955088,64.75895596898664
66,"Carroll County, IL",2019,17015.0,24,143,2,6,83.6609637322124,63.89086465693139
67,"Carroll County, IL",2020,17015.0,27,159,0,0,85.83606605861515,65.05452012954126
68,"Carroll County, IL",2021,17015.0,31,152,1,3,85.96074156729965,65.48029839501311
69,"Carroll County, IL",2022,17015.0,19,121,3,1,83.75541884196359,63.917496446050635
70,"Carroll County, IL",2023,17015.0,17,128,3,24,84.3781279936192,62.9350452936683
71,"Carroll County, IL",2024,17015.0,23,132,2,12,83.8860208026938,63.91035805306901
72,"Cass County, IL",2016,17017.0,59,414,6,28,91.03593635985136,69.46051948005604
73,"Cass County, IL",2017,17017.0,39,244,4,12,87.44863030342475,65.07040138984661
74,"Cass County, IL",2018,17017.0,62,452,4,16,89.95327372520336,68.20084615175371
75,"Cass County, IL",2019,17017.0,47,296,3,8,87.45098701215029,67.19119028850253
76,"Cass County, IL",2020,17017.0,40,275,1,3,88.53919911364642,67.2627627913232
77,"Cass County, IL",2021,17017.0,43,291,5,16,89.09155378420328,67.90873399521149
78,"Cass County, IL",2022,17017.0,38,309,5,31,88.61613342593473,67.13248492839296
79,"Cass County, IL",2023,17017.0,37,278,7,64,88.23228334341034,66.0364142156628
80,"Cass County, IL",2024,17017.0,43,305,4,19,88.39119434600235,66.96179409656074
81,"Champaign County, IL",2016,17019.0,43,234,2,7,87.73356778210643,67.51478643316209
82,"Champaign County, IL",2017,17019.0,33,165,0,0,85.63142764672948,64.73268409434577
83,"Champaign County, IL",2018,17019.0,46,313,1,2,87.32868335730795,67.14074243536903
84,"Champaign County, IL",2019,17019.0,32,200,3,13,86.00407038908811,65.68159204107937
85,"Champaign County, IL",2020,17019.0,28,174,0,0,86.92736845113339,66.69446027794436
86,"Champaign County, IL",2021,17019.0,35,212,2,5,87.0316033430243,66.99871876961346
87,"Champaign County, IL",2022,17019.0,33,258,3,16,87.1419817127171,66.55843675659557
88,"Champaign County, IL",2023,17019.0,22,174,5,32,85.47923851305909,64.18841128016312
89,"Champaign County, IL",2024,17019.0,28,188,2,11,85.32067428939162,64.6114452443355
90,"Christian County, IL",2016,17021.0,51,355,3,14,89.70228910853726,68.94724245757934
91,"Christian County, IL",2017,17021.0,39,230,2,5,87.20529403035488,65.64359834814975
92,"Christian County, IL",2018,17021.0,57,391,1,4,88.92279973998002,68.13145749085403
93,"Christian County, IL",2019,17021.0,44,254,2,6,86.83792438839006,66.690498261521
94,"Christian County, IL",2020,17021.0,36,228,1,1,87.61800228366278,67.04511067988014
95,"Christian County, IL",2021,17021.0,44,297,3,7,88.79745175493628,68.16361419294027
96,"Christian County, IL",2022,17021.0,37,314,4,25,88.25502725007375,67.30645842547945
97,"Christian County, IL",2023,17021.0,30,249,8,60,87.50805874131657,65.66540027839388
98,"Christian County, IL",2024,17021.0,38,274,2,12,87.64624351310371,66.37559162653196
99,"Clark County, IL",2016,17023.0,54,321,3,7,89.17110035442622,69.0801321843231
100,"Clark County, IL",2017,17023.0,31,173,0,0,86.06414128140827,65.84412869293156
101,"Clark County, IL",2018,17023.0,58,395,1,1,88.82569850576219,68.91188180484562
102,"Clark County, IL",2019,17023.0,42,245,3,8,86.84526730269195,67.30239436755012
103,"Clark County, IL",2020,17023.0,41,231,1,1,87.89242444275723,68.17451916806418
104,"Clark County, IL",2021,17023.0,43,320,3,4,89.09948382977747,69.03746622981097
105,"Clark County, IL",2022,17023.0,34,304,4,27,88.20829859829023,67.89973162643152
106,"Clark County, IL",2023,17023.0,28,225,7,40,87.04654148960681,66.24829493115374
107,"Clark County, IL",2024,17023.0,34,218,1,5,86.78350865563065,65.82855883720934
108,"Clay County, IL",2016,17025.0,62,462,6,20,91.55230747857392,71.06393526007211
109,"Clay County, IL",2017,17025.0,46,267,3,6,88.15058351389034,67.92785036088495
110,"Clay County, IL",2018,17025.0,70,489,2,2,90.29200027455713,70.18556184521755
111,"Clay County, IL",2019,17025.0,57,334,4,9,88.42052307641138,68.81811941270696
112,"Clay County, IL",2020,17025.0,48,296,1,3,89.23844909131144,69.5483660533211
113,"Clay County, IL",2021,17025.0,54,412,2,4,90.5627438787534,70.54327120569232
114,"Clay County, IL",2022,17025.0,43,400,8,35,90.41370504111951,69.43666221336274
115,"Clay County, IL",2023,17025.0,37,301,8,63,89.21037546019893,68.15024855868924
116,"Clay County, IL",2024,17025.0,46,327,2,9,88.94544242413973,67.80168332685122
117,"Clinton County, IL",2016,17027.0,66,512,8,27,92.44336842379768,71.85273200768437
118,"Clinton County, IL",2017,17027.0,48,319,5,9,88.93418715550614,68.5485434108953
119,"Clinton County, IL",2018,17027.0,71,511,2,4,90.6731643732027,70.85393191644275
120,"Clinton County, IL",2019,17027.0,58,379,5,7,88.85829374214593,69.48378193686018
121,"Clinton County, IL",2020,17027.0,46,330,1,2,89.81027001198284,70.22379917568178
122,"Clinton County, IL",2021,17027.0,56,430,4,10,90.85031489415704,70.9851200561173
123,"Clinton County, IL",2022,17027.0,50,458,13,48,91.37396213796617,70.48669491873025
124,"Clinton County, IL",2023,17027.0,43,355,10,74,90.20132937872789,69.10872170676987
125,"Clinton County, IL",2024,17027.0,52,373,4,18,89.96905271026097,69.14116302480977
126,"Coles County, IL",2016,17029.0,50,298,3,7,88.54225585956759,68.55791710907009
127,"Coles County, IL",2017,17029.0,30,165,0,0,86.01089149948405,65.41684660746388
128,"Coles County, IL",2018,17029.0,55,363,1,1,88.27128433550907,68.3113271089286
129,"Coles County, IL",2019,17029.0,39,220,3,8,86.16396334956669,66.65030765935025
130,"Coles County, IL",2020,17029.0,35,195,1,1,87.11163105240529,67.49113602359165
131,"Coles County, IL",2021,17029.0,44,286,3,6,88.52422226630691,68.51375406819008
132,"Coles County, IL",2022,17029.0,33,300,3,21,87.768663066307,67.6301191831694
133,"Coles County, IL",2023,17029.0,28,213,6,36,86.58775894142802,65.5362024617201
134,"Coles County, IL",2024,17029.0,34,211,2,10,86.44606619780266,65.6055211075853
135,"Cook County, IL",2016,17031.0,22,102,0,0,83.05202783341164,66.43859319430452
136,"Cook County, IL",2017,17031.0,8,33,0,0,79.34378179994758,63.28419617371178
137,"Cook County, IL",2018,17031.0,26,153,1,2,81.94760354600147,65.54270650152581
138,"Cook County, IL",2019,17031.0,13,77,2,3,79.9555581001374,63.7855402394076
139,"Cook County, IL",2020,17031.0,16,99,0,0,83.27363006554062,66.19105168064853
140,"Cook County, IL",2021,17031.0,18,88,1,3,83.06166685938554,66.66372951958176
141,"Cook County, IL",2022,17031.0,10,66,0,0,81.31759134062884,65.00530888337491
142,"Cook County, IL",2023,17031.0,12,76,2,16,80.01294715552508,63.47055840770705
143,"Cook County, IL",2024,17031.0,18,85,1,4,82.05975644121054,65.00700821647898
144,"Crawford County, IL",2016,17033.0,57,397,3,8,90.41409374569265,70.02499379645596
145,"Crawford County, IL",2017,17033.0,37,201,2,3,86.89577941031233,66.69488776747708
146,"Crawford County, IL",2018,17033.0,68,445,2,2,89.6663325765732,69.62123210134234
147,"Crawford County, IL",2019,17033.0,47,296,3,6,87.64320691249308,67.93318251722384
148,"Crawford County, IL",2020,17033.0,43,271,1,2,88.88344851744701,69.00920408377483
149,"Crawford County, IL",2021,17033.0,51,370,2,3,89.8690933197087,69.64960173964046
150,"Crawford County, IL",2022,17033.0,35,337,6,32,89.08055845093426,68.41310601732631
151,"Crawford County, IL",2023,17033.0,31,258,7,49,88.0906240305751,67.07105491942288
152,"Crawford County, IL",2024,17033.0,38,255,1,4,87.81851127280625,66.51119141448179
153,"Cumberland County, IL",2016,17035.0,56,353,3,10,89.56431909672509,69.19985136106129
154,"Cumberland County, IL",2017,17035.0,37,197,2,3,86.94636845959869,66.22583280811428
155,"Cumberland County, IL",2018,17035.0,64,415,1,1,89.16576087923342,68.95323596635167
156,"Cumberland County, IL",2019,17035.0,47,261,3,8,87.03209345508553,67.4579433530959
157,"Cumberland County, IL",2020,17035.0,39,234,1,2,87.98234135485737,68.22566800039354
158,"Cumberland County, IL",2021,17035.0,50,345,3,6,89.51605983289815,69.22144760855967
159,"Cumberland County, IL",2022,17035.0,35,318,4,25,88.62467125094436,67.99478477170587
160,"Cumberland County, IL",2023,17035.0,30,240,8,46,87.55666899003832,66.47355908206755
161,"Cumberland County, IL",2024,17035.0,36,241,2,9,87.22572312833388,66.10422723299095
162,"Dekalb County, IL",2016,17037.0,22,131,2,6,84.30751319581827,64.78840470150718
163,"Dekalb County, IL",2017,17037.0,14,74,0,0,80.85981068676281,61.455384255357835
164,"Dekalb County, IL",2018,17037.0,32,198,2,9,84.11803659473517,64.38249901793485
165,"Dekalb County, IL",2019,17037.0,22,140,2,6,83.26865204978196,63.34184303807231
166,"Dekalb County, IL",2020,17037.0,24,150,0,0,85.46357688743066,64.64602006992344
167,"Dekalb County, IL",2021,17037.0,30,162,1,4,85.84078438160658,65.81756334242378
168,"Dekalb County, IL",2022,17037.0,18,122,2,5,83.35766006860727,63.54912081822383
169,"Dekalb County, IL",2023,17037.0,14,106,3,23,83.2372679743249,62.447030039670935
170,"Dekalb County, IL",2024,17037.0,23,132,2,8,83.47341450207621,63.61067874083938
171,"Dewitt County, IL",2016,17039.0,42,268,3,11,88.11027229835696,67.72760932131253
172,"Dewitt County, IL",2017,17039.0,36,176,2,2,85.65740351234986,64.65317075654117
173,"Dewitt County, IL",2018,17039.0,48,332,2,4,87.43914456166924,67.01037243942802
174,"Dewitt County, IL",2019,17039.0,31,204,3,11,85.86428009224599,65.63696636209855
175,"Dewitt County, IL",2020,17039.0,30,195,0,0,87.13489812494754,66.84619337138976
176,"Dewitt County, IL",2021,17039.0,31,213,2,6,87.01729476629224,67.07016200897856
177,"Dewitt County, IL",2022,17039.0,33,247,4,23,86.76151964831958,66.20270013434924
178,"Dewitt County, IL",2023,17039.0,23,177,5,36,85.71032578915653,64.40348628677572
179,"Dewitt County, IL",2024,17039.0,32,205,2,12,85.74245682630327,65.10813866889067
180,"Douglas County, IL",2016,17041.0,49,280,3,8,88.32303637786103,68.158113079879
181,"Douglas County, IL",2017,17041.0,34,180,0,0,86.01464202976554,65.03233940204576
182,"Douglas County, IL",2018,17041.0,50,350,1,1,88.03928227637653,67.7599411758066
183,"Douglas County, IL",2019,17041.0,36,216,4,11,86.25217563884894,66.20290957811612
184,"Douglas County, IL",2020,17041.0,30,186,1,1,87.0585996606742,66.85581452391922
185,"Douglas County, IL",2021,17041.0,41,267,3,6,88.22024811093465,67.86453379189432
186,"Douglas County, IL",2022,17041.0,33,296,3,20,87.70470334392986,67.26975968484061
187,"Douglas County, IL",2023,17041.0,27,198,5,37,86.38132249369878,64.90686907365391
188,"Douglas County, IL",2024,17041.0,34,204,2,9,86.17352507681399,65.01381006970381
189,"Dupage County, IL",2016,17043.0,25,147,1,3,84.7846351580921,65.51568207112142
190,"Dupage County, IL",2017,17043.0,15,75,0,0,81.08534379523275,62.34538629507528
191,"Dupage County, IL",2018,17043.0,33,225,5,15,84.09480171197023,64.92413749896328
192,"Dupage County, IL",2019,17043.0,23,146,2,8,82.74378120101677,63.52119870452119
193,"Dupage County, IL",2020,17043.0,25,153,1,1,85.3950976283592,65.28300270445948
194,"Dupage County, IL",2021,17043.0,24,144,1,4,85.17100556617962,66.02580370878496
195,"Dupage County, IL",2022,17043.0,19,120,2,8,83.07688938054147,64.09263224023472
196,"Dupage County, IL",2023,17043.0,15,119,3,23,82.59532376288597,62.85759410691235
197,"Dupage County, IL",2024,17043.0,23,147,2,6,83.83387732601504,64.14554640809665
198,"Edgar County, IL",2016,17045.0,47,275,3,6,88.31813197720972,68.34523519393485
199,"Edgar County, IL",2017,17045.0,29,152,0,0,85.50751526205879,65.02390521320372
200,"Edgar County, IL",2018,17045.0,54,352,1,1,88.04294707787164,68.19290254309959
201,"Edgar County, IL",2019,17045.0,34,209,4,9,86.32789954574358,66.44812560462233
202,"Edgar County, IL",2020,17045.0,35,196,0,0,87.3166444011028,67.40454621310737
203,"Edgar County, IL",2021,17045.0,42,275,3,4,88.47061098477522,68.36271477050948
204,"Edgar County, IL",2022,17045.0,33,292,4,20,87.65360152191877,67.36361890569367
205,"Edgar County, IL",2023,17045.0,26,199,5,34,86.3391175008079,65.31880331026157
206,"Edgar County, IL",2024,17045.0,32,191,2,7,86.04240056755535,65.13108524326388
207,"Edwards County, IL",2016,17047.0,69,503,6,13,92.34926100538037,71.95498045217046
208,"Edwards County, IL",2017,17047.0,47,283,3,4,88.10376953834307,68.38813400067565
209,"Edwards County, IL",2018,17047.0,78,527,2,3,90.70665306655015,70.88617163810667
210,"Edwards County, IL",2019,17047.0,57,360,2,4,88.83313348574794,69.0786322154087
211,"Edwards County, IL",2020,17047.0,50,330,1,4,89.83373082427336,70.16423639162174
212,"Edwards County, IL",2021,17047.0,53,436,2,3,91.20223255763331,71.30887014095063
213,"Edwards County, IL",2022,17047.0,47,414,9,45,90.79034985793405,70.05141813498938
214,"Edwards County, IL",2023,17047.0,41,311,9,60,89.42904254053518,68.45202237336649
215,"Edwards County, IL",2024,17047.0,47,344,1,6,89.40987029328492,68.11204308986704
216,"Effingham County, IL",2016,17049.0,59,409,3,13,90.4686602806287,70.03408931471698
217,"Effingham County, IL",2017,17049.0,42,236,2,5,87.68385247785699,67.01222241761495
218,"Effingham County, IL",2018,17049.0,66,441,1,1,89.61454001790273,69.45259444304175
219,"Effingham County, IL",2019,17049.0,50,291,4,7,87.57481989365628,68.04144305429207
220,"Effingham County, IL",2020,17049.0,43,257,1,2,88.32364992572633,68.61264355277729
221,"Effingham County, IL",2021,17049.0,53,365,2,4,89.8219248104816,69.6824770771709
222,"Effingham County, IL",2022,17049.0,41,364,5,25,89.39617761947339,68.61496594082696
223,"Effingham County, IL",2023,17049.0,31,259,8,57,88.2986519221263,67.16136380875474
224,"Effingham County, IL",2024,17049.0,43,285,2,8,88.07429828350871,66.99528045483108
225,"Fayette County, IL",2016,17051.0,59,435,3,16,90.94071465424527,70.41889382196686
226,"Fayette County, IL",2017,17051.0,42,255,3,5,88.06887506102048,67.24827963545137
227,"Fayette County, IL",2018,17051.0,65,456,1,4,89.83424879256673,69.68920318869125
228,"Fayette County, IL",2019,17051.0,49,300,4,7,87.81849120635403,68.20666243532753
229,"Fayette County, IL",2020,17051.0,43,267,1,2,88.63163124251064,68.7082347833822
230,"Fayette County, IL",2021,17051.0,53,369,2,4,89.94534800599612,69.8079832435215
231,"Fayette County, IL",2022,17051.0,43,386,6,25,89.77760460430844,68.92725927351131
232,"Fayette County, IL",2023,17051.0,34,281,8,64,88.66761705211997,67.42491896221999
233,"Fayette County, IL",2024,17051.0,46,303,2,9,88.59743093227999,67.46595232742406
234,"Ford County, IL",2016,17053.0,40,210,1,6,87.12326044113169,66.84411497492424
235,"Ford County, IL",2017,17053.0,29,139,1,1,84.73831172881195,64.16159278579885
236,"Ford County, IL",2018,17053.0,44,302,2,3,87.00208787015272,66.77096204282249
237,"Ford County, IL",2019,17053.0,28,184,4,15,85.67847371445889,65.12123989791701
238,"Ford County, IL",2020,17053.0,29,185,1,1,87.11604092024514,66.47366479323388
239,"Ford County, IL",2021,17053.0,30,173,2,6,86.35404955807678,66.58765072497299
240,"Ford County, IL",2022,17053.0,30,219,4,15,86.36901900034995,65.77999471129529
241,"Ford County, IL",2023,17053.0,23,157,3,24,84.8920371591958,63.58297443924461
242,"Ford County, IL",2024,17053.0,30,183,2,10,85.00030116907469,64.53172115224069
243,"Franklin County, IL",2016,17055.0,73,574,8,24,93.34339926266036,73.21051651040774
244,"Franklin County, IL",2017,17055.0,50,367,5,11,89.42072689932208,70.16974210038967
245,"Franklin County, IL",2018,17055.0,81,574,4,5,91.51183717880558,71.93930247940808
246,"Franklin County, IL",2019,17055.0,66,427,4,9,89.85776536816478,70.64432852448083
247,"Franklin County, IL",2020,17055.0,53,374,1,4,90.645939664025,71.43226624190648
248,"Franklin County, IL",2021,17055.0,54,441,2,5,91.30304940447806,71.8199577100927
249,"Franklin County, IL",2022,17055.0,53,510,14,66,92.10159788031133,71.65690878196784
250,"Franklin County, IL",2023,17055.0,47,382,11,78,90.88428659516985,70.13464089958306
251,"Franklin County, IL",2024,17055.0,53,421,6,19,90.56047111587961,69.64502947164499
252,"Fulton County, IL",2016,17057.0,55,343,3,23,89.95625163660989,68.80653629227267
253,"Fulton County, IL",2017,17057.0,36,213,4,9,86.5466232969433,64.39348618733484
254,"Fulton County, IL",2018,17057.0,59,416,6,13,89.21435086390527,67.51628549793848
255,"Fulton County, IL",2019,17057.0,39,245,3,9,86.81391019695711,66.50530668674399
256,"Fulton County, IL",2020,17057.0,35,243,1,2,88.117912604946,66.84339318682044
257,"Fulton County, IL",2021,17057.0,37,252,5,13,87.96179672759199,67.11713900842645
258,"Fulton County, IL",2022,17057.0,37,270,5,27,87.48578610594124,66.29785146035567
259,"Fulton County, IL",2023,17057.0,28,230,8,58,87.02718013548633,65.20221149251877
260,"Fulton County, IL",2024,17057.0,38,268,3,19,87.43603067001996,66.27624836511863
261,"Gallatin County, IL",2016,17059.0,73,582,6,17,93.45871113488082,72.96184121447814
262,"Gallatin County, IL",2017,17059.0,48,343,1,4,89.05955972902304,69.36657159786216
263,"Gallatin County, IL",2018,17059.0,84,571,3,11,91.86642749376298,71.67766525543452
264,"Gallatin County, IL",2019,17059.0,65,448,3,6,89.82581615012232,69.90291563222608
265,"Gallatin County, IL",2020,17059.0,57,370,1,4,90.47388055753,70.80799382889644
266,"Gallatin County, IL",2021,17059.0,56,427,3,6,91.37728819585837,71.31554025332301
267,"Gallatin County, IL",2022,17059.0,53,496,10,50,91.9900799241797,71.29577103758527
268,"Gallatin County, IL",2023,17059.0,43,341,11,74,90.2243405357905,69.0077228065993
269,"Gallatin County, IL",2024,17059.0,56,402,6,6,90.5957965018496,68.84204737782233
270,"Greene County, IL",2016,17061.0,58,446,6,28,91.25733077268742,70.31822263709532
271,"Greene County, IL",2017,17061.0,41,256,3,12,87.8766022227591,66.24121613888757
272,"Greene County, IL",2018,17061.0,61,445,4,11,90.03184496050343,68.97044333849831
273,"Greene County, IL",2019,17061.0,53,317,3,6,87.68273257982841,67.69662133050501
274,"Greene County, IL",2020,17061.0,45,286,1,1,88.85448386721598,67.97603047293464
275,"Greene County, IL",2021,17061.0,47,338,4,11,89.73035108997045,68.85866538165024
276,"Greene County, IL",2022,17061.0,45,374,10,42,89.5266713537925,68.0769894770047
277,"Greene County, IL",2023,17061.0,35,302,8,74,88.91712008065188,67.08005692113701
278,"Greene County, IL",2024,17061.0,42,310,3,14,88.66772279934956,67.53989151238702
279,"Grundy County, IL",2016,17063.0,35,195,1,6,86.5543015568907,66.54026445311641
280,"Grundy County, IL",2017,17063.0,24,118,0,0,83.04491303636573,63.14595250295069
281,"Grundy County, IL",2018,17063.0,41,285,4,14,86.41129231869505,66.05557846533259
282,"Grundy County, IL",2019,17063.0,29,181,2,10,84.78005198707804,64.64839281931931
283,"Grundy County, IL",2020,17063.0,29,189,1,2,86.74027860605908,65.92091676509783
284,"Grundy County, IL",2021,17063.0,32,172,2,7,86.44815086307683,66.75472096037612
285,"Grundy County, IL",2022,17063.0,26,175,5,14,85.1831136331514,65.03937398416915
286,"Grundy County, IL",2023,17063.0,19,149,3,27,84.7841987392188,63.54962993743648
287,"Grundy County, IL",2024,17063.0,30,186,2,9,85.14917543354278,64.83879409913914
288,"Hamilton County, IL",2016,17065.0,69,540,8,20,93.19380376515052,72.36723665859033
289,"Hamilton County, IL",2017,17065.0,50,337,3,8,89.01018165921754,69.17510830656498
290,"Hamilton County, IL",2018,17065.0,81,563,3,6,91.33489867309088,71.19093380856809
291,"Hamilton County, IL",2019,17065.0,61,407,2,6,89.64755536302054,69.73880939655236
292,"Hamilton County, IL",2020,17065.0,54,362,1,4,90.44603039361228,70.52320448827099
293,"Hamilton County, IL",2021,17065.0,57,434,3,4,91.27384211747925,71.29067589090826
294,"Hamilton County, IL",2022,17065.0,53,479,13,55,91.69635409230825,70.62865295428733
295,"Hamilton County, IL",2023,17065.0,43,349,11,73,90.40155700154351,69.10754489949414
296,"Hamilton County, IL",2024,17065.0,51,389,4,9,90.19288502131586,68.56643382518783
297,"Hancock County, IL",2016,17067.0,55,376,5,24,90.20546906793945,69.3098909954876
298,"Hancock County, IL",2017,17067.0,39,240,5,13,87.68636547827869,65.41046707577804
299,"Hancock County, IL",2018,17067.0,62,441,2,6,89.93842521249799,68.61479090868485
300,"Hancock County, IL",2019,17067.0,46,292,2,8,87.12243773367561,67.45045432408368
301,"Hancock County, IL",2020,17067.0,38,275,2,3,88.4704465297088,67.3111070224726
302,"Hancock County, IL",2021,17067.0,39,273,5,15,88.42654196352692,67.66772364780918
303,"Hancock County, IL",2022,17067.0,44,318,4,24,88.50059603673745,67.18235470212616
304,"Hancock County, IL",2023,17067.0,35,266,8,65,87.78439028846145,66.32766093365267
305,"Hancock County, IL",2024,17067.0,39,281,4,19,88.02576501172382,66.88800902005642
306,"Hardin County, IL",2016,17069.0,75,589,6,14,93.49915310737666,73.09240928916677
307,"Hardin County, IL",2017,17069.0,48,349,3,7,89.24206890882697,69.43097302588946
308,"Hardin County, IL",2018,17069.0,87,582,4,16,92.11213082041586,71.78021073116119
309,"Hardin County, IL",2019,17069.0,69,466,2,5,89.8307877488242,70.09343609429393
310,"Hardin County, IL",2020,17069.0,59,377,1,2,90.59532650047171,70.90491257277736
311,"Hardin County, IL",2021,17069.0,56,418,3,4,91.21628137429246,71.27903044702535
312,"Hardin County, IL",2022,17069.0,60,535,10,47,92.39886631583985,71.5595025926419
313,"Hardin County, IL",2023,17069.0,48,331,11,69,90.28361843593275,69.1260700059777
314,"Hardin County, IL",2024,17069.0,57,422,7,13,90.8329744455195,69.05810535391007
315,"Henderson County, IL",2016,17071.0,50,299,3,18,88.88552823979329,68.5970313585393
316,"Henderson County, IL",2017,17071.0,37,221,3,10,86.86631278866527,64.86700205144635
317,"Henderson County, IL",2018,17071.0,59,404,1,4,89.11942977757506,67.86268045369492
318,"Henderson County, IL",2019,17071.0,38,244,2,9,86.25408542669449,66.72319689169287
319,"Henderson County, IL",2020,17071.0,35,242,1,1,87.52162424719127,66.70432496563882
320,"Henderson County, IL",2021,17071.0,36,244,4,10,87.39578617239606,67.01921203190726
321,"Henderson County, IL",2022,17071.0,35,270,4,18,87.47134620643469,66.7265572817067
322,"Henderson County, IL",2023,17071.0,28,223,7,48,86.71477794267312,65.43815685589057
323,"Henderson County, IL",2024,17071.0,39,257,3,19,87.11318398400763,66.27913295761883
324,"Henry County, IL",2016,17073.0,36,219,2,14,87.15726284944819,67.3670091516026
325,"Henry County, IL",2017,17073.0,30,156,1,3,84.49824579629286,63.313824695515756
326,"Henry County, IL",2018,17073.0,46,300,2,6,86.95892455624916,66.24080434032894
327,"Henry County, IL",2019,17073.0,31,191,2,11,85.42642346640609,65.64376719457587
328,"Henry County, IL",2020,17073.0,30,197,1,1,86.72516420394717,66.03955321296935
329,"Henry County, IL",2021,17073.0,29,201,2,8,86.40245906899271,66.28707185129454
330,"Henry County, IL",2022,17073.0,27,199,4,11,85.50482984417923,65.50210482104286
331,"Henry County, IL",2023,17073.0,21,174,3,28,85.35546094462447,64.11377838913022
332,"Henry County, IL",2024,17073.0,29,192,3,15,85.56521744524233,65.29072510767004
333,"Iroquois County, IL",2016,17075.0,39,201,2,6,86.87891372425206,66.60357866786077
334,"Iroquois County, IL",2017,17075.0,26,124,0,0,84.36835839857889,63.90064842786847
335,"Iroquois County, IL",2018,17075.0,43,300,2,4,86.94126460010182,66.82818732104288
336,"Iroquois County, IL",2019,17075.0,27,181,3,14,85.45657048188443,64.92800008184611
337,"Iroquois County, IL",2020,17075.0,30,182,1,2,87.03255290671426,66.24374504794709
338,"Iroquois County, IL",2021,17075.0,31,169,1,3,86.27614590364126,66.579048946009
339,"Iroquois County, IL",2022,17075.0,31,220,2,9,86.49597196188256,65.88866013148328
340,"Iroquois County, IL",2023,17075.0,20,149,3,23,84.64923077044757,63.33427213292637
341,"Iroquois County, IL",2024,17075.0,29,181,2,9,84.9315691989473,64.35961141555907
342,"Jackson County, IL",2016,17077.0,71,571,8,26,93.28675502175601,72.74488080328388
343,"Jackson County, IL",2017,17077.0,48,358,6,17,89.51352970844599,69.4751151422232
344,"Jackson County, IL",2018,17077.0,79,576,3,6,91.66237367130296,71.53241677648866
345,"Jackson County, IL",2019,17077.0,66,438,4,11,89.8925962547911,70.07956657952134
346,"Jackson County, IL",2020,17077.0,54,373,2,5,90.95976722277528,71.14908203169233
347,"Jackson County, IL",2021,17077.0,57,448,3,10,91.29807938579673,71.16400713345071
348,"Jackson County, IL",2022,17077.0,55,521,14,68,92.38050975720631,71.14781940391237
349,"Jackson County, IL",2023,17077.0,47,383,11,79,91.13774038794085,69.6560167002946
350,"Jackson County, IL",2024,17077.0,52,423,8,27,90.73366191309212,69.42752044284549
351,"Jasper County, IL",2016,17079.0,56,398,3,8,90.42486104954773,69.90751710933974
352,"Jasper County, IL",2017,17079.0,39,214,2,5,87.31320850977713,66.74602399364447
353,"Jasper County, IL",2018,17079.0,66,440,2,2,89.67395654173767,69.42404513045264
354,"Jasper County, IL",2019,17079.0,52,298,4,8,87.69756512589689,67.9378723608703
355,"Jasper County, IL",2020,17079.0,44,268,1,2,88.71237920225497,68.8151837796317
356,"Jasper County, IL",2021,17079.0,52,381,2,3,90.02124914466417,69.69869488724399
357,"Jasper County, IL",2022,17079.0,38,344,6,30,89.28136997221235,68.35471176413098
358,"Jasper County, IL",2023,17079.0,32,263,8,50,88.22373733520016,67.03347322213514
359,"Jasper County, IL",2024,17079.0,40,264,2,6,87.92445386180776,66.57482918058855
360,"Jefferson County, IL",2016,17081.0,68,526,7,20,92.63723320719946,72.31202525446145
361,"Jefferson County, IL",2017,17081.0,47,330,3,8,88.89863030230778,69.09391246075842
362,"Jefferson County, IL",2018,17081.0,76,529,1,2,90.7863121422445,71.1467263595766
363,"Jefferson County, IL",2019,17081.0,56,383,4,8,89.21061113516619,69.80418886543625
364,"Jefferson County, IL",2020,17081.0,49,337,1,3,90.01913305229334,70.58162848233806
365,"Jefferson County, IL",2021,17081.0,54,433,3,3,90.92963621358183,71.36113676758758
366,"Jefferson County, IL",2022,17081.0,51,465,13,51,91.47576009157659,70.72915956884951
367,"Jefferson County, IL",2023,17081.0,45,351,10,72,90.2270119111617,69.35199269936443
368,"Jefferson County, IL",2024,17081.0,50,375,4,13,89.92947561307851,68.99366721451807
369,"Jersey County, IL",2016,17083.0,64,481,7,28,91.89249476516585,71.27305902742015
370,"Jersey County, IL",2017,17083.0,44,294,4,17,88.46128575371367,67.29269755100458
371,"Jersey County, IL",2018,17083.0,65,477,3,11,90.49742115736161,69.90478891535598
372,"Jersey County, IL",2019,17083.0,57,360,4,6,88.1723539975861,68.51598334156289
373,"Jersey County, IL",2020,17083.0,50,309,2,2,89.36069946352012,68.97509688609347
374,"Jersey County, IL",2021,17083.0,51,385,5,13,90.27812943062806,69.96103923949306
375,"Jersey County, IL",2022,17083.0,49,424,10,50,90.17856393737974,69.15861746627004
376,"Jersey County, IL",2023,17083.0,40,340,10,82,89.65641875724351,68.1371696127787
377,"Jersey County, IL",2024,17083.0,44,328,5,19,89.24223195223085,68.32479989034617
378,"Jo Daviess County, IL",2016,17085.0,19,112,2,5,84.35400424217512,64.97884813443953
379,"Jo Daviess County, IL",2017,17085.0,14,72,0,0,81.27206970900328,61.62708495710056
380,"Jo Daviess County, IL",2018,17085.0,30,168,1,3,83.8009909604164,64.38199359930948
381,"Jo Daviess County, IL",2019,17085.0,20,116,1,6,82.94953874652658,63.43454991403464
382,"Jo Daviess County, IL",2020,17085.0,24,140,0,0,84.7139947810576,64.27514278515494
383,"Jo Daviess County, IL",2021,17085.0,25,139,1,2,85.13073526368542,64.6675277453012
384,"Jo Daviess County, IL",2022,17085.0,18,107,2,2,83.01133466183991,63.42592449420719
385,"Jo Daviess County, IL",2023,17085.0,16,116,3,22,83.92862161985128,62.50435118266832
386,"Jo Daviess County, IL",2024,17085.0,19,100,1,7,83.1920637449819,63.31067614919975
387,"Johnson County, IL",2016,17087.0,79,589,6,12,93.38104352262064,73.06940464033762
388,"Johnson County, IL",2017,17087.0,49,339,4,10,89.15099904887433,69.3907314978257
389,"Johnson County, IL",2018,17087.0,88,580,3,11,92.04082692015723,71.88900376229982
390,"Johnson County, IL",2019,17087.0,67,458,4,8,89.76039012583357,70.0955265152638
391,"Johnson County, IL",2020,17087.0,57,359,1,2,90.68767592383517,71.02884347397257
392,"Johnson County, IL",2021,17087.0,56,422,3,3,90.84101655788254,71.0868460046688
393,"Johnson County, IL",2022,17087.0,62,536,9,45,92.53491738197728,71.54743603150476
394,"Johnson County, IL",2023,17087.0,47,362,11,75,91.01127035588318,69.50102174527987
395,"Johnson County, IL",2024,17087.0,57,423,8,27,90.93571110595859,69.31395436745301
396,"Kane County, IL",2016,17089.0,22,132,1,3,84.24386665131583,64.82725026214617
397,"Kane County, IL",2017,17089.0,12,68,0,0,80.68882091609147,61.68763877690088
398,"Kane County, IL",2018,17089.0,33,207,3,9,83.8692148537843,64.4525411060132
399,"Kane County, IL",2019,17089.0,22,139,2,6,82.97474837291833,63.286800647647226
400,"Kane County, IL",2020,17089.0,25,146,0,0,85.17550487351564,64.65611077413193
401,"Kane County, IL",2021,17089.0,27,137,1,4,85.33582526839591,65.70672420387211
402,"Kane County, IL",2022,17089.0,17,111,2,6,82.85514520677042,63.49354495604246
403,"Kane County, IL",2023,17089.0,14,107,3,20,82.82291910120608,62.48077435455406
404,"Kane County, IL",2024,17089.0,24,130,2,7,83.44470190288433,63.62150438704991
405,"Kankakee County, IL",2016,17091.0,37,187,2,6,86.50588637896631,66.31643668798459
406,"Kankakee County, IL",2017,17091.0,25,121,0,0,83.53062200142294,63.497821766113375
407,"Kankakee County, IL",2018,17091.0,40,283,2,7,86.47988162595858,66.30090149698196
408,"Kankakee County, IL",2019,17091.0,28,178,2,11,84.75541042299197,64.60169094057717
409,"Kankakee County, IL",2020,17091.0,31,191,1,3,86.73770666228988,65.93919815732853
410,"Kankakee County, IL",2021,17091.0,29,165,2,3,86.09540097773247,66.53464080146847
411,"Kankakee County, IL",2022,17091.0,27,195,2,11,85.71801734393408,65.40622615702759
412,"Kankakee County, IL",2023,17091.0,20,136,3,26,84.2698990478381,63.19010679898761
413,"Kankakee County, IL",2024,17091.0,28,175,2,7,84.91320070751074,64.43676256838432
414,"Kendall County, IL",2016,17093.0,28,161,1,5,85.60751998988066,65.80812277312067
415,"Kendall County, IL",2017,17093.0,18,96,0,0,81.87203399538262,62.44977379225295
416,"Kendall County, IL",2018,17093.0,37,249,4,14,85.4644465967166,65.38440203868865
417,"Kendall County, IL",2019,17093.0,27,168,2,9,84.067205600089,64.11208154898537
418,"Kendall County, IL",2020,17093.0,27,173,1,2,86.13837681979805,65.43708401439494
419,"Kendall County, IL",2021,17093.0,28,164,1,4,86.15882925985484,66.47268669173758
420,"Kendall County, IL",2022,17093.0,21,142,2,8,84.10208299505508,64.33954457014357
421,"Kendall County, IL",2023,17093.0,17,130,3,28,84.13752797603262,63.23111458510393
422,"Kendall County, IL",2024,17093.0,27,165,3,9,84.63649068825194,64.53172261276892
423,"Knox County, IL",2016,17095.0,44,260,3,18,88.17127402901487,68.03749221147976
424,"Knox County, IL",2017,17095.0,31,177,2,5,85.35788076921538,63.726622883072444
425,"Knox County, IL",2018,17095.0,54,346,2,5,88.04898117002129,66.83750882078952
426,"Knox County, IL",2019,17095.0,33,208,3,8,85.7406675074424,65.85542870258783
427,"Knox County, IL",2020,17095.0,30,210,0,0,87.01054441186787,66.26345107635635
428,"Knox County, IL",2021,17095.0,31,215,3,10,86.67657976555705,66.3612362845885
429,"Knox County, IL",2022,17095.0,32,217,4,13,86.15786793474666,65.60396795315214
430,"Knox County, IL",2023,17095.0,23,191,7,38,85.76805573302863,64.39715339601216
431,"Knox County, IL",2024,17095.0,31,217,3,18,86.16846251913844,65.64612278705023
432,"Lake County, IL",2016,17097.0,6,28,0,0,79.27265057625955,66.25520308981659
433,"Lake County, IL",2017,17097.0,0,0,0,0,75.80613755045216,62.799104142205294
434,"Lake County, IL",2018,17097.0,8,37,0,0,77.6697940060158,64.80345945627317
435,"Lake County, IL",2019,17097.0,4,20,0,0,76.07219956448354,62.99298768923983
436,"Lake County, IL",2020,17097.0,8,41,0,0,79.70038412289323,65.95043832182807
437,"Lake County, IL",2021,17097.0,6,31,0,0,79.51953001008738,66.02244023340587
438,"Lake County, IL",2022,17097.0,4,21,0,0,77.336618338685,64.27896940589368
439,"Lake County, IL",2023,17097.0,3,27,2,10,76.61212452559514,63.440093693572756
440,"Lake County, IL",2024,17097.0,6,26,0,0,78.42691000194861,64.90120492957757
441,"Lasalle County, IL",2016,17099.0,37,192,2,11,86.36364581738263,66.44782546632595
442,"Lasalle County, IL",2017,17099.0,24,121,0,0,83.06191785549215,62.7251121534298
443,"Lasalle County, IL",2018,17099.0,41,272,4,12,86.19237650520647,65.61323758248666
444,"Lasalle County, IL",2019,17099.0,29,177,2,9,84.67320246112365,64.51107426733701
445,"Lasalle County, IL",2020,17099.0,29,180,0,0,86.62025512628041,65.85450921490357
446,"Lasalle County, IL",2021,17099.0,29,182,2,8,86.49549138256529,66.57668742118096
447,"Lasalle County, IL",2022,17099.0,24,168,4,15,85.05727363285042,64.8468113252991
448,"Lasalle County, IL",2023,17099.0,19,151,3,29,84.80571345604288,63.43813275992862
449,"Lasalle County, IL",2024,17099.0,28,181,3,11,85.13931069040787,64.91477860069354
450,"Lawrence County, IL",2016,17101.0,62,447,4,11,91.28647125003717,71.03242619030898
451,"Lawrence County, IL",2017,17101.0,43,230,2,4,87.32853637242673,67.52093069670418
452,"Lawrence County, IL",2018,17101.0,72,464,2,3,90.10875878276237,70.24174927075646
453,"Lawrence County, IL",2019,17101.0,54,331,2,4,88.137896955397,68.4202555514719
454,"Lawrence County, IL",2020,17101.0,47,297,1,3,89.37143021942205,69.63924858817523
455,"Lawrence County, IL",2021,17101.0,52,401,1,2,90.53318671639241,70.50701082581159
456,"Lawrence County, IL",2022,17101.0,42,369,7,40,89.79524177762539,69.23026727628519
457,"Lawrence County, IL",2023,17101.0,35,279,7,50,88.66460874262303,67.69074764781308
458,"Lawrence County, IL",2024,17101.0,42,288,1,5,88.57378669763689,67.31907007794804
459,"Lee County, IL",2016,17103.0,27,147,2,10,85.20159177639421,65.60932917850123
460,"Lee County, IL",2017,17103.0,20,91,0,0,81.8546780671365,61.761363404885394
461,"Lee County, IL",2018,17103.0,34,223,3,7,84.90954093762228,64.82017527453165
462,"Lee County, IL",2019,17103.0,24,152,2,9,83.82091296642982,63.90398950109486
463,"Lee County, IL",2020,17103.0,24,162,0,0,86.09899960944604,65.22029643819833
464,"Lee County, IL",2021,17103.0,32,175,1,5,86.06672567425016,66.01351527579388
465,"Lee County, IL",2022,17103.0,22,141,3,8,84.31192994677767,64.286768842774
466,"Lee County, IL",2023,17103.0,16,131,3,27,84.02443803073267,62.80768997497171
467,"Lee County, IL",2024,17103.0,24,150,3,10,84.15271126544653,64.266026321425
468,"Livingston County, IL",2016,17105.0,38,216,1,7,87.12159030843738,66.89497842059907
469,"Livingston County, IL",2017,17105.0,28,137,1,1,84.19378108340602,63.68612759021908
470,"Livingston County, IL",2018,17105.0,44,307,3,7,86.99807781898643,66.5131809767408
471,"Livingston County, IL",2019,17105.0,29,178,3,9,85.31574288774766,64.87684086057536
472,"Livingston County, IL",2020,17105.0,29,191,1,1,87.17742406101617,66.39907427884043
473,"Livingston County, IL",2021,17105.0,29,183,2,8,86.42264574766311,66.61127719145436
474,"Livingston County, IL",2022,17105.0,28,203,4,17,85.95557952596559,65.42253198049688
475,"Livingston County, IL",2023,17105.0,22,160,3,26,85.07605572478543,63.61499204365889
476,"Livingston County, IL",2024,17105.0,28,183,2,10,85.23728732817776,64.81396686231474
477,"Logan County, IL",2016,17107.0,48,323,3,20,89.16549817971134,68.21568626526837
478,"Logan County, IL",2017,17107.0,37,216,3,6,86.46773796581593,64.76825678004805
479,"Logan County, IL",2018,17107.0,53,380,5,12,88.45743112651958,67.28113833635776
480,"Logan County, IL",2019,17107.0,36,232,5,15,86.54439554580591,65.88923182403691
481,"Logan County, IL",2020,17107.0,36,224,1,1,87.7272442244037,66.8001601257328
482,"Logan County, IL",2021,17107.0,39,249,4,11,88.01195391479442,67.2643846175756
483,"Logan County, IL",2022,17107.0,33,270,4,28,87.4617971894361,66.34196274719211
484,"Logan County, IL",2023,17107.0,27,216,7,52,86.72649765646663,64.85403093710084
485,"Logan County, IL",2024,17107.0,38,249,2,13,86.81562359164187,65.58283439435002
486,"Macon County, IL",2016,17115.0,48,300,3,11,88.67980857598427,68.28532035218817
487,"Macon County, IL",2017,17115.0,39,201,2,3,86.45225717034997,65.24817195305762
488,"Macon County, IL",2018,17115.0,52,366,1,4,88.01760385152497,67.54928020326498
489,"Macon County, IL",2019,17115.0,37,227,3,11,86.2855165680754,66.1800735049844
490,"Macon County, IL",2020,17115.0,31,207,1,0,87.14647869743828,66.86340608634929
491,"Macon County, IL",2021,17115.0,38,246,3,8,87.84573715771715,67.5699740533854
492,"Macon County, IL",2022,17115.0,34,282,4,24,87.4319532049254,66.84082935814286
493,"Macon County, IL",2023,17115.0,27,212,7,43,86.50106415218796,64.99859099384801
494,"Macon County, IL",2024,17115.0,37,240,2,13,86.60107105317134,65.58238744858019
495,"Macoupin County, IL",2016,17117.0,57,418,4,22,90.8299910799609,70.08967309209436
496,"Macoupin County, IL",2017,17117.0,41,245,4,6,87.90080570483369,66.44738133527596
497,"Macoupin County, IL",2018,17117.0,63,431,2,5,89.69949120397177,68.97935968470615
498,"Macoupin County, IL",2019,17117.0,51,295,5,7,87.45403619594671,67.50808738187526
499,"Macoupin County, IL",2020,17117.0,42,268,1,1,88.47845118955088,67.86952994674921
500,"Macoupin County, IL",2021,17117.0,46,334,2,8,89.51364326923601,68.9989272322627
501,"Macoupin County, IL",2022,17117.0,43,364,8,29,89.21378477232057,68.17724081510316
502,"Macoupin County, IL",2023,17117.0,34,281,8,72,88.59482625962877,66.89537516134097
503,"Macoupin County, IL",2024,17117.0,42,306,2,12,88.46837331897724,67.39352661744915
504,"Madison County, IL",2016,17119.0,64,495,8,28,92.07283871902013,71.3927118414026
505,"Madison County, IL",2017,17119.0,49,304,5,12,88.85964065660157,67.93190551175294
506,"Madison County, IL",2018,17119.0,69,490,2,3,90.55650684396416,70.35036472342308
507,"Madison County, IL",2019,17119.0,59,374,6,8,88.54660740332302,69.00318236030166
508,"Madison County, IL",2020,17119.0,50,320,1,1,89.57973937301252,69.50728358591705
509,"Madison County, IL",2021,17119.0,54,409,4,11,90.56383694571473,70.46940035771186
510,"Madison County, IL",2022,17119.0,50,451,12,47,90.7192384460329,69.87508379369483
511,"Madison County, IL",2023,17119.0,43,356,10,80,89.9414728368099,68.63321571574889
512,"Madison County, IL",2024,17119.0,50,360,4,17,89.7569769306734,68.87838418739206
513,"Marion County, IL",2016,17121.0,62,475,6,19,91.87947839192267,71.52547811340283
514,"Marion County, IL",2017,17121.0,45,293,4,8,88.4509409569009,68.29694575544057
515,"Marion County, IL",2018,17121.0,71,492,1,3,90.36915886836327,70.56101049495638
516,"Marion County, IL",2019,17121.0,56,349,4,7,88.58105391131495,69.19288048371959
517,"Marion County, IL",2020,17121.0,47,302,1,2,89.40660970017336,69.84922969239936
518,"Marion County, IL",2021,17121.0,54,419,2,5,90.4854009594548,70.77546431333542
519,"Marion County, IL",2022,17121.0,46,422,9,38,90.79120503001387,69.93652394826445
520,"Marion County, IL",2023,17121.0,42,323,10,69,89.5307632772425,68.59050562194804
521,"Marion County, IL",2024,17121.0,50,349,2,10,89.31202652930062,68.37553631366279
522,"Marshall County, IL",2016,17123.0,42,237,3,15,87.45546809776663,67.66653784817473
523,"Marshall County, IL",2017,17123.0,28,152,1,2,84.48414470017028,63.61301271565339
524,"Marshall County, IL",2018,17123.0,44,306,3,9,87.13549274289313,66.46336193371816
525,"Marshall County, IL",2019,17123.0,28,184,3,10,85.38380386129002,65.42308029894228
526,"Marshall County, IL",2020,17123.0,32,205,0,0,87.4535560180939,66.8996421705376
527,"Marshall County, IL",2021,17123.0,30,197,2,9,86.61118457509127,66.97793653255674
528,"Marshall County, IL",2022,17123.0,28,199,4,16,85.7923602912343,65.63245529367995
529,"Marshall County, IL",2023,17123.0,22,169,4,31,85.34304659223433,64.12040438577282
530,"Marshall County, IL",2024,17123.0,31,197,3,17,85.68364532570605,65.60613010241298
531,"Mason County, IL",2016,17125.0,56,359,4,24,90.3785152042779,69.06675803793205
532,"Mason County, IL",2017,17125.0,37,233,5,9,86.8310988367975,64.70524078105093
533,"Mason County, IL",2018,17125.0,60,430,6,16,89.46846673575146,67.73163963180959
534,"Mason County, IL",2019,17125.0,42,255,5,12,87.15160370459712,66.59546970724095
535,"Mason County, IL",2020,17125.0,35,254,1,3,88.33015380629139,67.06525977815946
536,"Mason County, IL",2021,17125.0,40,275,5,18,88.57339152566533,67.57655294659904
537,"Mason County, IL",2022,17125.0,37,287,5,31,87.95081800917391,66.61036087172018
538,"Mason County, IL",2023,17125.0,31,246,8,60,87.51294852846105,65.48289249743779
539,"Mason County, IL",2024,17125.0,42,278,4,17,87.6488098779138,66.32792401897925
540,"Massac County, IL",2016,17127.0,84,667,5,15,94.29004323700781,73.88594348142567
541,"Massac County, IL",2017,17127.0,49,359,3,12,89.63696911854625,69.92745291209113
542,"Massac County, IL",2018,17127.0,95,653,4,13,92.93692075797824,72.62967086748216
543,"Massac County, IL",2019,17127.0,75,514,3,7,90.38456661464241,70.75968677105867
544,"Massac County, IL",2020,17127.0,59,406,1,2,91.12206174610739,71.54510079191235
545,"Massac County, IL",2021,17127.0,56,456,2,4,91.26592181899247,71.65638099119414
546,"Massac County, IL",2022,17127.0,69,616,11,56,93.38294014980848,72.37644941244528
547,"Massac County, IL",2023,17127.0,49,392,11,72,91.43971541102098,70.1695771922854
548,"Massac County, IL",2024,17127.0,64,469,7,28,91.66446286690523,69.90803537586875
549,"Mcdonough County, IL",2016,17109.0,55,350,3,21,89.91866532764247,68.74976978540873
550,"Mcdonough County, IL",2017,17109.0,36,221,5,13,86.83632469376137,64.44411446323511
551,"Mcdonough County, IL",2018,17109.0,59,411,4,7,89.3038137241977,67.65345637800377
552,"Mcdonough County, IL",2019,17109.0,42,260,2,7,86.73801662027452,66.7146104550036
553,"Mcdonough County, IL",2020,17109.0,38,245,2,3,88.19031554515786,66.76809387815386
554,"Mcdonough County, IL",2021,17109.0,38,260,5,17,87.98490650524998,66.92332964993722
555,"Mcdonough County, IL",2022,17109.0,38,290,4,26,87.74398119905983,66.39135545056952
556,"Mcdonough County, IL",2023,17109.0,32,244,8,59,87.23461200785127,65.44615263343778
557,"Mcdonough County, IL",2024,17109.0,37,273,3,20,87.53318454005804,66.25588028307155
558,"Mchenry County, IL",2016,17111.0,18,110,1,3,83.06339423646217,64.44453022913244
559,"Mchenry County, IL",2017,17111.0,10,55,0,0,79.76314857251911,61.380126384436934
560,"Mchenry County, IL",2018,17111.0,25,157,2,8,82.37365761826165,63.893962363514355
561,"Mchenry County, IL",2019,17111.0,20,116,2,5,81.75083716104987,62.8276716464962
562,"Mchenry County, IL",2020,17111.0,22,126,0,0,84.28246518393668,64.4340226513484
563,"Mchenry County, IL",2021,17111.0,25,129,1,2,84.71391238828589,65.3524897990797
564,"Mchenry County, IL",2022,17111.0,15,85,1,4,81.90830149966469,63.35001356024632
565,"Mchenry County, IL",2023,17111.0,13,90,2,18,81.66724075934466,62.19246423474089
566,"Mchenry County, IL",2024,17111.0,18,94,2,7,82.13700771824348,63.05302346459019
567,"Mclean County, IL",2016,17113.0,40,244,3,8,87.66881728467146,67.376889824372
568,"Mclean County, IL",2017,17113.0,34,159,1,1,84.98506393555853,64.16987054967177
569,"Mclean County, IL",2018,17113.0,45,308,2,6,87.15669544004773,66.69651093103637
570,"Mclean County, IL",2019,17113.0,28,186,4,11,85.56549600583132,65.24598248369607
571,"Mclean County, IL",2020,17113.0,30,189,1,1,87.19583711887661,66.7554067694479
572,"Mclean County, IL",2021,17113.0,28,188,2,7,86.57728219045791,66.76394688352755
573,"Mclean County, IL",2022,17113.0,31,223,4,17,86.23112355458115,65.70275427257015
574,"Mclean County, IL",2023,17113.0,24,170,5,28,85.26445387246214,63.959679405286
575,"Mclean County, IL",2024,17113.0,30,193,2,12,85.33924937421574,64.92660519984021
576,"Menard County, IL",2016,17129.0,57,376,4,26,90.40558711855707,69.01327795642355
577,"Menard County, IL",2017,17129.0,40,240,4,11,87.11138474225501,64.87331345996269
578,"Menard County, IL",2018,17129.0,61,420,5,13,89.42536642500387,67.76418108611398
579,"Menard County, IL",2019,17129.0,44,256,4,11,87.14252140540032,66.51974531585195
580,"Menard County, IL",2020,17129.0,38,255,1,4,88.13519570426875,66.9012326570568
581,"Menard County, IL",2021,17129.0,43,285,5,16,88.74439425579914,67.66243853849267
582,"Menard County, IL",2022,17129.0,34,289,5,32,88.155460377457,66.73069544131374
583,"Menard County, IL",2023,17129.0,31,249,7,60,87.6561873020484,65.46054208941467
584,"Menard County, IL",2024,17129.0,39,277,3,15,87.68204427294387,66.28356259896765
585,"Mercer County, IL",2016,17131.0,41,253,3,15,87.87302231161928,67.93080456154506
586,"Mercer County, IL",2017,17131.0,32,186,2,6,85.52796974191578,64.17255041323843
587,"Mercer County, IL",2018,17131.0,55,354,3,6,88.15392893748135,67.3132951023376
588,"Mercer County, IL",2019,17131.0,36,223,3,11,85.92722328171526,66.44550448641048
589,"Mercer County, IL",2020,17131.0,30,211,0,0,86.73172184574697,66.22731332571219
590,"Mercer County, IL",2021,17131.0,33,227,2,7,86.91867683064194,66.76731414056661
591,"Mercer County, IL",2022,17131.0,33,228,4,14,86.54044407487505,66.3937672963843
592,"Mercer County, IL",2023,17131.0,27,207,7,39,86.15833726013746,64.95788859007412
593,"Mercer County, IL",2024,17131.0,32,206,3,19,86.1825317439527,65.77805290921644
594,"Monroe County, IL",2016,17133.0,69,545,10,33,93.02417456030385,72.11635419881051
595,"Monroe County, IL",2017,17133.0,48,351,7,20,89.41775095017641,68.61739223685818
596,"Monroe County, IL",2018,17133.0,74,539,2,2,91.2966063503085,70.90269717880247
597,"Monroe County, IL",2019,17133.0,65,430,6,12,89.33095860160216,69.83106265851167
598,"Monroe County, IL",2020,17133.0,53,350,2,4,90.48385919370995,70.39466737062273
599,"Monroe County, IL",2021,17133.0,56,421,6,15,91.03955694615448,70.7336138528764
600,"Monroe County, IL",2022,17133.0,57,523,14,72,92.2710987697972,70.86694645114326
601,"Monroe County, IL",2023,17133.0,48,402,10,79,91.02412720327574,69.55916450116045
602,"Monroe County, IL",2024,17133.0,55,412,6,30,90.53188469469525,69.332307892827
603,"Montgomery County, IL",2016,17135.0,55,399,4,16,90.44997516728506,69.88355827991332
604,"Montgomery County, IL",2017,17135.0,42,241,4,7,87.8211734841211,66.52005456881857
605,"Montgomery County, IL",2018,17135.0,62,432,1,4,89.51528930013659,69.06583578033191
606,"Montgomery County, IL",2019,17135.0,44,280,2,4,87.25343933373554,67.41447396919659
607,"Montgomery County, IL",2020,17135.0,40,261,1,2,88.20076397469944,67.89052137377821
608,"Montgomery County, IL",2021,17135.0,47,334,2,5,89.43127269411995,69.07851746182514
609,"Montgomery County, IL",2022,17135.0,42,361,7,21,89.09535138655498,68.29521710094691
610,"Montgomery County, IL",2023,17135.0,33,268,8,67,88.275539464558,66.73845610211465
611,"Montgomery County, IL",2024,17135.0,42,289,2,10,88.2378829471123,67.15607341911799
612,"Morgan County, IL",2016,17137.0,58,401,5,27,90.76793822846469,69.54131846785232
613,"Morgan County, IL",2017,17137.0,40,244,3,10,87.4383472568444,65.34043260820393
614,"Morgan County, IL",2018,17137.0,59,416,4,12,89.63678058220825,68.21207835943706
615,"Morgan County, IL",2019,17137.0,48,279,2,5,87.22499644586237,67.07555441601454
616,"Morgan County, IL",2020,17137.0,40,263,1,2,88.20590563781688,67.26745168043209
617,"Morgan County, IL",2021,17137.0,44,299,3,10,89.14371469921115,68.03461057359986
618,"Morgan County, IL",2022,17137.0,38,323,4,26,88.69493434024004,67.15940092219891
619,"Morgan County, IL",2023,17137.0,34,267,8,67,88.18808116442163,66.12754862675189
620,"Morgan County, IL",2024,17137.0,41,300,3,14,88.30428662439282,67.02389313124355
621,"Moultrie County, IL",2016,17139.0,48,306,2,9,88.64331832584625,68.6093727082292
622,"Moultrie County, IL",2017,17139.0,37,190,1,1,86.38771972331078,65.4732245921386
623,"Moultrie County, IL",2018,17139.0,54,363,1,3,88.21663084530628,68.11831013873632
624,"Moultrie County, IL",2019,17139.0,37,227,3,9,86.30641841289908,66.57405177594241
625,"Moultrie County, IL",2020,17139.0,32,194,1,1,86.96714636018959,67.14818162879175
626,"Moultrie County, IL",2021,17139.0,42,273,3,5,88.29584784251314,68.18253165405247
627,"Moultrie County, IL",2022,17139.0,36,308,3,20,87.76662242612018,67.49634494546142
628,"Moultrie County, IL",2023,17139.0,28,216,6,42,86.66847251851074,65.38859016581355
629,"Moultrie County, IL",2024,17139.0,36,231,2,12,86.66952493885488,65.67018602466251
630,"Ogle County, IL",2016,17141.0,23,130,2,8,84.47097971923537,65.12770457273277
631,"Ogle County, IL",2017,17141.0,14,73,0,0,81.03288594832964,61.46942152249666
632,"Ogle County, IL",2018,17141.0,30,187,2,6,83.97608464544128,64.44873606769038
633,"Ogle County, IL",2019,17141.0,21,131,2,5,83.1610039490713,63.497260567635855
634,"Ogle County, IL",2020,17141.0,25,160,0,0,85.82018267525169,64.93081825126055
635,"Ogle County, IL",2021,17141.0,35,171,1,3,86.13791511406717,65.86179802690516
636,"Ogle County, IL",2022,17141.0,20,122,1,3,83.60102030204355,63.84951999339913
637,"Ogle County, IL",2023,17141.0,16,113,3,24,83.56125176366503,62.56638376452545
638,"Ogle County, IL",2024,17141.0,21,120,2,9,83.43786728286148,63.645599980667306
639,"Peoria County, IL",2016,17143.0,46,268,3,19,88.36081844151813,68.33513412098843
640,"Peoria County, IL",2017,17143.0,32,174,3,6,85.28400814961567,64.07549925918808
641,"Peoria County, IL",2018,17143.0,52,355,4,10,87.96203975836171,67.07635620995447
642,"Peoria County, IL",2019,17143.0,32,206,4,10,85.86759243581979,66.03079705034995
643,"Peoria County, IL",2020,17143.0,33,216,0,0,87.59845266849298,67.04594080255667
644,"Peoria County, IL",2021,17143.0,31,226,3,11,86.98892501540342,67.0279675222885
645,"Peoria County, IL",2022,17143.0,32,221,4,19,86.30387236814286,65.9510113723269
646,"Peoria County, IL",2023,17143.0,24,191,7,35,85.85582321661809,64.68441293075432
647,"Peoria County, IL",2024,17143.0,31,216,3,19,86.2460489923205,65.98964886084713
648,"Perry County, IL",2016,17145.0,72,570,10,32,93.24986309956334,72.65903080133612
649,"Perry County, IL",2017,17145.0,50,361,6,19,89.47794314540762,69.56143368028806
650,"Perry County, IL",2018,17145.0,78,569,2,3,91.43584641095144,71.47987088747776
651,"Perry County, IL",2019,17145.0,66,423,5,11,89.71581646370447,70.09598421404154
652,"Perry County, IL",2020,17145.0,51,376,2,6,90.79856196048524,71.10277964847437
653,"Perry County, IL",2021,17145.0,56,444,3,9,91.31859864851924,71.36175279030356
654,"Perry County, IL",2022,17145.0,57,518,16,74,92.24170285791162,71.20695908473878
655,"Perry County, IL",2023,17145.0,47,395,10,77,90.9827397440996,69.81352791967855
656,"Perry County, IL",2024,17145.0,54,422,6,25,90.67911263464046,69.5484092658535
657,"Piatt County, IL",2016,17147.0,44,262,3,8,88.15359152741236,67.87043652000423
658,"Piatt County, IL",2017,17147.0,36,179,1,2,85.9783138500281,64.92470285406381
659,"Piatt County, IL",2018,17147.0,47,335,2,4,87.63918801838314,67.30615586483101
660,"Piatt County, IL",2019,17147.0,34,207,3,13,86.05635433861379,65.85799006511283
661,"Piatt County, IL",2020,17147.0,30,189,0,0,86.95320708944226,66.78790794326163
662,"Piatt County, IL",2021,17147.0,34,228,3,7,87.37372371768608,67.26373857304438
663,"Piatt County, IL",2022,17147.0,34,265,3,21,87.17781564055906,66.66190512443346
664,"Piatt County, IL",2023,17147.0,27,183,5,35,85.87595682623252,64.51103799744716
665,"Piatt County, IL",2024,17147.0,30,202,2,12,85.82661461889445,64.98020586793506
666,"Pike County, IL",2016,17149.0,61,430,6,30,91.0679510975642,69.9590608161094
667,"Pike County, IL",2017,17149.0,40,255,4,16,87.71584316610884,65.82325859692632
668,"Pike County, IL",2018,17149.0,63,448,4,13,90.25504786930068,68.93612587518228
669,"Pike County, IL",2019,17149.0,52,308,3,5,87.68496609132599,67.80182029362982
670,"Pike County, IL",2020,17149.0,42,290,2,3,88.92258729467406,67.98280092170353
671,"Pike County, IL",2021,17149.0,43,315,4,12,89.71893447155777,68.60107130618813
672,"Pike County, IL",2022,17149.0,48,382,8,36,89.62129887085095,68.0774252808452
673,"Pike County, IL",2023,17149.0,38,313,8,71,88.94079349059753,67.18314680520268
674,"Pike County, IL",2024,17149.0,42,306,3,18,88.72020006166966,67.61489027118637
675,"Pope County, IL",2016,17151.0,81,594,6,14,93.56906673211748,73.23986311357312
676,"Pope County, IL",2017,17151.0,48,352,3,11,89.32802096705291,69.50727842269478
677,"Pope County, IL",2018,17151.0,90,596,4,17,92.32660904887007,71.9558985078612
678,"Pope County, IL",2019,17151.0,69,462,3,7,89.91789496576884,70.17350260882422
679,"Pope County, IL",2020,17151.0,59,379,1,2,90.78357471846711,71.04019974839456
680,"Pope County, IL",2021,17151.0,55,423,2,2,90.99886265698215,71.20205357002258
681,"Pope County, IL",2022,17151.0,62,550,10,47,92.65347952242206,71.63386521840359
682,"Pope County, IL",2023,17151.0,47,352,11,70,90.78674480665484,69.44078035140186
683,"Pope County, IL",2024,17151.0,59,426,7,17,90.9989122019378,69.26155882377493
684,"Pulaski County, IL",2016,17153.0,83,684,11,24,94.48452220267913,74.0874102784961
685,"Pulaski County, IL",2017,17153.0,50,364,4,15,89.55789190195374,70.03593676715427
686,"Pulaski County, IL",2018,17153.0,93,664,4,10,92.89071528610977,72.80756814431585
687,"Pulaski County, IL",2019,17153.0,72,496,3,8,90.27364066091573,70.86735579338259
688,"Pulaski County, IL",2020,17153.0,58,405,1,2,91.15736193880241,71.81936823221666
689,"Pulaski County, IL",2021,17153.0,58,477,4,8,91.4420050541943,71.87923914682239
690,"Pulaski County, IL",2022,17153.0,65,622,13,62,93.45421194403299,72.51577556029044
691,"Pulaski County, IL",2023,17153.0,56,425,11,77,91.98561182289885,70.45553987380124
692,"Pulaski County, IL",2024,17153.0,58,478,10,37,91.85039517655262,70.25609741283563
693,"Putnam County, IL",2016,17155.0,38,210,2,11,86.92343987453911,67.17706773014494
694,"Putnam County, IL",2017,17155.0,26,137,1,1,83.97299493941131,63.15359091100325
695,"Putnam County, IL",2018,17155.0,42,288,4,12,86.6818229885852,66.03954828137238
696,"Putnam County, IL",2019,17155.0,28,185,2,10,85.1060451377944,65.13334135829052
697,"Putnam County, IL",2020,17155.0,30,200,0,0,87.12499961139685,66.46392828433004
698,"Putnam County, IL",2021,17155.0,30,194,2,9,86.56428195323097,66.87720733231518
699,"Putnam County, IL",2022,17155.0,24,190,3,15,85.46393554170716,65.44820287054357
700,"Putnam County, IL",2023,17155.0,21,160,4,31,85.04655207037004,63.75666617003121
701,"Putnam County, IL",2024,17155.0,28,191,3,14,85.47822884088036,65.37048733257659
702,"Randolph County, IL",2016,17157.0,74,559,9,35,93.16477047507259,72.26903433415404
703,"Randolph County, IL",2017,17157.0,48,354,6,21,89.55136510291632,68.92481565943524
704,"Randolph County, IL",2018,17157.0,75,551,1,1,91.50367187817012,71.10394930726687
705,"Randolph County, IL",2019,17157.0,68,434,5,12,89.66398691800225,69.76978299489765
706,"Randolph County, IL",2020,17157.0,49,361,3,4,90.86714299527634,70.64337971218671
707,"Randolph County, IL",2021,17157.0,57,440,5,11,91.35327211170615,70.82375717161304
708,"Randolph County, IL",2022,17157.0,55,523,16,76,92.43307178555605,70.85380763555965
709,"Randolph County, IL",2023,17157.0,48,402,10,81,91.17031655164956,69.5496439912044
710,"Randolph County, IL",2024,17157.0,54,423,6,29,90.69997148755621,69.31032049729585
711,"Richland County, IL",2016,17159.0,65,468,5,12,91.5934945925224,71.18728727935225
712,"Richland County, IL",2017,17159.0,46,251,2,5,87.84406402214721,67.79113407907708
713,"Richland County, IL",2018,17159.0,72,497,2,3,90.31553476863995,70.27622573638678
714,"Richland County, IL",2019,17159.0,56,343,4,7,88.46428997071678,68.73804296043615
715,"Richland County, IL",2020,17159.0,49,302,1,3,89.43560424182785,69.73628868441551
716,"Richland County, IL",2021,17159.0,53,408,2,3,90.77109112050033,70.68967190371282
717,"Richland County, IL",2022,17159.0,42,391,8,40,90.26524846397595,69.41716000436014
718,"Richland County, IL",2023,17159.0,36,299,8,56,89.09338183731481,68.01789220663537
719,"Richland County, IL",2024,17159.0,45,318,1,6,88.86768048697728,67.62251563074395
720,"Rock Island County, IL",2016,17161.0,37,224,2,14,87.11281640582513,67.37200432253626
721,"Rock Island County, IL",2017,17161.0,29,162,1,4,84.61985608607446,63.68041833711083
722,"Rock Island County, IL",2018,17161.0,45,316,2,5,87.17161179954377,66.73817361051125
723,"Rock Island County, IL",2019,17161.0,33,208,3,13,85.56082426541856,66.06020748574372
724,"Rock Island County, IL",2020,17161.0,27,194,0,0,86.48999527910848,66.04747110041686
725,"Rock Island County, IL",2021,17161.0,33,214,2,6,86.69598199890076,66.58067048496167
726,"Rock Island County, IL",2022,17161.0,26,199,4,13,85.70228196596909,65.85584587995513
727,"Rock Island County, IL",2023,17161.0,24,186,5,32,85.67477585921264,64.56878461796197
728,"Rock Island County, IL",2024,17161.0,28,181,3,17,85.55991046610663,65.35102415992428
729,"Saline County, IL",2016,17165.0,73,581,7,19,93.46661138524765,72.89085979773746
730,"Saline County, IL",2017,17165.0,48,346,4,8,89.26818532436091,69.56737392349649
731,"Saline County, IL",2018,17165.0,83,570,5,12,91.79921195027758,71.64503174908297
732,"Saline County, IL",2019,17165.0,68,443,4,10,89.84604731823825,70.06060209986153
733,"Saline County, IL",2020,17165.0,57,376,1,4,90.55969370423543,70.8418674613682
734,"Saline County, IL",2021,17165.0,56,433,2,4,91.20721366415926,71.18224711364527
735,"Saline County, IL",2022,17165.0,55,513,11,47,92.0166047351072,71.24322870975308
736,"Saline County, IL",2023,17165.0,46,352,11,74,90.55705984257862,69.26476722397133
737,"Saline County, IL",2024,17165.0,52,402,6,11,90.62386193319456,68.98729725493865
738,"Sangamon County, IL",2016,17167.0,54,367,4,24,90.12644598685092,69.07541644764561
739,"Sangamon County, IL",2017,17167.0,40,241,4,8,87.18623954310051,65.34482005079944
740,"Sangamon County, IL",2018,17167.0,57,403,4,10,89.08486637866075,67.92489430342647
741,"Sangamon County, IL",2019,17167.0,45,252,3,11,86.9379446324762,66.60344151168796
742,"Sangamon County, IL",2020,17167.0,36,244,2,2,87.83488521558026,66.97196430490038
743,"Sangamon County, IL",2021,17167.0,43,288,3,10,88.75967500341362,67.93395478820482
744,"Sangamon County, IL",2022,17167.0,35,300,5,31,88.18450741177641,66.95192835176287
745,"Sangamon County, IL",2023,17167.0,30,244,8,63,87.57204230133397,65.56588593130893
746,"Sangamon County, IL",2024,17167.0,40,280,2,12,87.66769203558236,66.40633894211793
747,"Schuyler County, IL",2016,17169.0,59,387,5,26,90.60351360688315,69.16206305103809
748,"Schuyler County, IL",2017,17169.0,38,237,5,14,87.16097383151738,64.77427804507178
749,"Schuyler County, IL",2018,17169.0,59,427,5,13,89.70385992479032,68.04443212045253
750,"Schuyler County, IL",2019,17169.0,45,287,2,7,87.26168496568911,67.24779253830985
751,"Schuyler County, IL",2020,17169.0,39,271,1,2,88.49552677635208,67.07444755075998
752,"Schuyler County, IL",2021,17169.0,40,277,6,17,88.71526927625042,67.53031554950408
753,"Schuyler County, IL",2022,17169.0,39,303,4,27,88.37923603731262,66.90408003921972
754,"Schuyler County, IL",2023,17169.0,35,265,8,63,87.95138456481652,66.01080014644239
755,"Schuyler County, IL",2024,17169.0,39,294,4,20,88.13735126947029,66.76862935080376
756,"Scott County, IL",2016,17171.0,58,423,6,28,90.96709550852326,69.81440849399067
757,"Scott County, IL",2017,17171.0,40,248,3,12,87.6030565541204,65.58319043665557
758,"Scott County, IL",2018,17171.0,61,437,4,9,89.98120012597832,68.53649501735875
759,"Scott County, IL",2019,17171.0,50,301,3,4,87.51361144420014,67.46849686122549
760,"Scott County, IL",2020,17171.0,43,281,1,2,88.62689177407437,67.6226010767501
761,"Scott County, IL",2021,17171.0,45,312,3,11,89.52234693775088,68.29095536071563
762,"Scott County, IL",2022,17171.0,43,350,8,34,89.1504725635068,67.57299436090483
763,"Scott County, IL",2023,17171.0,34,283,8,72,88.63022292167939,66.6719096102198
764,"Scott County, IL",2024,17171.0,43,310,3,16,88.63250798945027,67.40197499121226
765,"Shelby County, IL",2016,17173.0,54,353,3,12,89.4685914689646,69.2162400222065
766,"Shelby County, IL",2017,17173.0,37,211,2,4,87.0682864657937,66.04270549759357
767,"Shelby County, IL",2018,17173.0,59,403,1,3,88.98475869754319,68.78960779129586
768,"Shelby County, IL",2019,17173.0,43,253,3,6,86.82454761586361,67.14097046965807
769,"Shelby County, IL",2020,17173.0,34,222,1,1,87.51417360136772,67.6533794640855
770,"Shelby County, IL",2021,17173.0,48,322,2,5,89.04639910043691,68.80909261848396
771,"Shelby County, IL",2022,17173.0,38,329,3,20,88.44636390176854,67.91752844096587
772,"Shelby County, IL",2023,17173.0,29,239,8,53,87.46715484606425,66.18906761159174
773,"Shelby County, IL",2024,17173.0,38,256,2,10,87.40680987335887,66.36534068626243
774,"St. Clair County, IL",2016,17163.0,68,542,12,33,93.03393843998906,72.06116245108255
775,"St. Clair County, IL",2017,17163.0,51,348,6,17,89.34583431445765,68.63969325092478
776,"St. Clair County, IL",2018,17163.0,72,537,2,2,91.14784635750827,70.96728495722523
777,"St. Clair County, IL",2019,17163.0,63,421,6,11,89.27132720946832,69.71046133411873
778,"St. Clair County, IL",2020,17163.0,52,354,2,3,90.3762839910868,70.31378801416349
779,"St. Clair County, IL",2021,17163.0,57,439,5,11,91.16820878975437,70.92615295971372
780,"St. Clair County, IL",2022,17163.0,55,501,14,69,91.94504953447058,70.7219182825362
781,"St. Clair County, IL",2023,17163.0,47,402,10,80,90.88108053290172,69.46254746258393
782,"St. Clair County, IL",2024,17163.0,55,414,6,26,90.53852961887678,69.4439822015976
783,"Stark County, IL",2016,17175.0,38,224,2,13,87.3646608900572,67.68019173848775
784,"Stark County, IL",2017,17175.0,30,158,2,4,84.58094434856092,63.37173435502142
785,"Stark County, IL",2018,17175.0,50,314,3,7,87.22293884877355,66.38215899815799
786,"Stark County, IL",2019,17175.0,29,189,2,9,85.33117377884774,65.53242869250451
787,"Stark County, IL",2020,17175.0,30,193,0,0,87.01805688022677,66.4955086556516
788,"Stark County, IL",2021,17175.0,30,203,2,9,86.33184946108335,66.47677419065987
789,"Stark County, IL",2022,17175.0,25,193,4,14,85.54914750818553,65.45984491443383
790,"Stark County, IL",2023,17175.0,21,166,4,31,85.26131881569933,64.06852579317778
791,"Stark County, IL",2024,17175.0,30,196,3,17,85.60338195306115,65.52450082825338
792,"Stephenson County, IL",2016,17177.0,19,112,2,8,84.03348065340259,64.56844415601311
793,"Stephenson County, IL",2017,17177.0,13,66,0,0,80.75279039031012,61.1387186247292
794,"Stephenson County, IL",2018,17177.0,30,171,1,4,83.39464452972459,63.908752341659316
795,"Stephenson County, IL",2019,17177.0,21,116,1,4,82.65588643842334,63.11264553581954
796,"Stephenson County, IL",2020,17177.0,24,145,0,0,85.19908766104153,64.30604151962154
797,"Stephenson County, IL",2021,17177.0,25,138,1,2,85.3138172889755,64.8651756828206
798,"Stephenson County, IL",2022,17177.0,19,102,1,1,82.88848945224936,63.18364033680776
799,"Stephenson County, IL",2023,17177.0,15,112,3,22,83.49336048797163,62.22663790522643
800,"Stephenson County, IL",2024,17177.0,20,101,2,7,82.92902734679069,63.073740100229514
801,"Tazewell County, IL",2016,17179.0,45,293,3,18,88.80411738761799,68.2900073241741
802,"Tazewell County, IL",2017,17179.0,34,183,2,6,85.62072644741752,64.28939090890762
803,"Tazewell County, IL",2018,17179.0,53,370,5,12,88.13221618089035,67.134127906417
804,"Tazewell County, IL",2019,17179.0,31,206,4,10,86.1063575713389,65.8356329947654
805,"Tazewell County, IL",2020,17179.0,33,218,1,2,87.74378605750594,67.03385592541625
806,"Tazewell County, IL",2021,17179.0,32,225,2,8,87.42927357328546,67.14273053701564
807,"Tazewell County, IL",2022,17179.0,34,243,4,25,86.7987459620866,66.06134983282915
808,"Tazewell County, IL",2023,17179.0,25,192,8,44,86.19929253702182,64.7137078397648
809,"Tazewell County, IL",2024,17179.0,33,220,3,14,86.37327240245666,65.72716940298193
810,"Union County, IL",2016,17181.0,78,603,7,15,93.547366711239,72.91352219978546
811,"Union County, IL",2017,17181.0,48,341,5,13,89.22093118372457,69.17340684905338
812,"Union County, IL",2018,17181.0,83,584,4,10,92.06581442497335,71.7178846095342
813,"Union County, IL",2019,17181.0,67,457,4,11,89.8800317745266,70.0171182056887
814,"Union County, IL",2020,17181.0,54,372,1,2,90.85577402297136,71.05113469664117
815,"Union County, IL",2021,17181.0,57,435,4,8,91.03864089094225,70.9461088338962
816,"Union County, IL",2022,17181.0,62,540,11,52,92.69659299610578,71.3703897203463
817,"Union County, IL",2023,17181.0,51,380,11,78,91.46424046285303,69.53919058190131
818,"Union County, IL",2024,17181.0,56,430,8,30,91.13063881959867,69.4158074624486
819,"Vermilion County, IL",2016,17183.0,42,224,2,7,87.48270389165204,67.458706393642
820,"Vermilion County, IL",2017,17183.0,32,139,0,0,85.23986340691282,64.60449136790082
821,"Vermilion County, IL",2018,17183.0,45,302,1,2,87.16926969464048,67.28851176295733
822,"Vermilion County, IL",2019,17183.0,31,191,4,14,85.9363013110246,65.65924123868282
823,"Vermilion County, IL",2020,17183.0,30,173,0,0,87.07610933515917,66.83150970150179
824,"Vermilion County, IL",2021,17183.0,37,216,1,3,87.06469901747649,67.16711605696642
825,"Vermilion County, IL",2022,17183.0,31,252,3,13,87.07318834038405,66.63336424183944
826,"Vermilion County, IL",2023,17183.0,23,170,5,24,85.37873129923258,64.14809987207421
827,"Vermilion County, IL",2024,17183.0,28,176,2,8,85.14873916227333,64.46889215644012
828,"Wabash County, IL",2016,17185.0,67,485,5,12,92.10670203511253,71.84636724707059
829,"Wabash County, IL",2017,17185.0,46,275,2,3,87.82577721451413,68.23696801076541
830,"Wabash County, IL",2018,17185.0,78,518,2,3,90.56364073444068,70.83822597627801
831,"Wabash County, IL",2019,17185.0,54,353,2,4,88.63794519174395,68.93866105440434
832,"Wabash County, IL",2020,17185.0,49,314,1,4,89.7027755476298,70.09125655004934
833,"Wabash County, IL",2021,17185.0,53,423,2,4,91.07823267492104,71.22154392941422
834,"Wabash County, IL",2022,17185.0,46,403,8,45,90.51401926593715,69.94602033499322
835,"Wabash County, IL",2023,17185.0,40,295,9,57,89.11909075648363,68.2767195483933
836,"Wabash County, IL",2024,17185.0,46,331,1,6,89.22097736158398,67.9638112090279
837,"Warren County, IL",2016,17187.0,46,279,3,19,88.58780240169986,68.21781949467449
838,"Warren County, IL",2017,17187.0,32,198,3,8,86.03009925077949,64.11828743637817
839,"Warren County, IL",2018,17187.0,58,376,2,4,88.55973828058762,67.20527700927671
840,"Warren County, IL",2019,17187.0,37,226,2,8,86.00119826245384,66.18202412758697
841,"Warren County, IL",2020,17187.0,31,226,0,0,87.22120168056868,66.26930218692523
842,"Warren County, IL",2021,17187.0,33,229,3,9,86.99161187944715,66.44605122174099
843,"Warren County, IL",2022,17187.0,36,244,4,14,86.77669230583686,65.9782453582566
844,"Warren County, IL",2023,17187.0,28,211,7,45,86.2492921129424,64.77801693442187
845,"Warren County, IL",2024,17187.0,34,237,3,19,86.64255959741604,65.8084879890473
846,"Washington County, IL",2016,17189.0,70,544,11,32,92.9368830597854,72.24202390172827
847,"Washington County, IL",2017,17189.0,49,345,6,12,89.17658097027262,69.01245778984398
848,"Washington County, IL",2018,17189.0,75,549,1,3,91.0248103891146,71.15364904616442
849,"Washington County, IL",2019,17189.0,61,392,6,11,89.28249248284874,69.77723057257808
850,"Washington County, IL",2020,17189.0,47,346,2,4,90.3172825680887,70.63913424000565
851,"Washington County, IL",2021,17189.0,55,446,3,8,91.14065138610087,71.19834127531271
852,"Washington County, IL",2022,17189.0,55,495,16,58,91.89576369761006,70.86744507135418
853,"Washington County, IL",2023,17189.0,45,381,10,75,90.64164021592782,69.51163624704394
854,"Washington County, IL",2024,17189.0,54,399,4,20,90.40385277791002,69.39781514107204
855,"Wayne County, IL",2016,17191.0,68,510,6,15,92.4854874610775,71.68909545385583
856,"Wayne County, IL",2017,17191.0,48,304,3,5,88.55141538367782,68.35353420801034
857,"Wayne County, IL",2018,17191.0,79,525,2,4,90.84822840006937,70.60199396416435
858,"Wayne County, IL",2019,17191.0,57,376,4,9,89.07686071164376,69.08074725752734
859,"Wayne County, IL",2020,17191.0,52,338,1,4,90.01213431278308,69.99065685973552
860,"Wayne County, IL",2021,17191.0,54,437,3,5,91.18869246657916,71.10650871972658
861,"Wayne County, IL",2022,17191.0,49,438,11,46,91.14848348227663,69.88159913065181
862,"Wayne County, IL",2023,17191.0,41,329,10,66,89.88732176308673,68.5626897208998
863,"Wayne County, IL",2024,17191.0,49,357,2,8,89.60161365452802,68.0292888422924
864,"White County, IL",2016,17193.0,70,542,8,19,93.11687253006126,72.39347323082893
865,"White County, IL",2017,17193.0,47,317,3,5,88.65490435738171,68.90677521594661
866,"White County, IL",2018,17193.0,82,555,3,8,91.3295694817211,71.24360124280746
867,"White County, IL",2019,17193.0,61,409,2,5,89.44187185794182,69.42326765898574
868,"White County, IL",2020,17193.0,55,360,1,3,90.35829590770184,70.47062326461484
869,"White County, IL",2021,17193.0,56,439,3,3,91.37269372844234,71.36023539832536
870,"White County, IL",2022,17193.0,52,457,12,49,91.4786775460864,70.50526991032467
871,"White County, IL",2023,17193.0,44,328,11,66,90.02932807149378,68.77082344445579
872,"White County, IL",2024,17193.0,52,381,1,5,90.06760647473267,68.34293267474224
873,"Whiteside County, IL",2016,17195.0,30,176,2,12,86.32763929128136,66.54671136919058
874,"Whiteside County, IL",2017,17195.0,26,123,0,0,83.2549802131463,62.51362618555107
875,"Whiteside County, IL",2018,17195.0,38,252,2,9,85.87184920662648,65.50670429952076
876,"Whiteside County, IL",2019,17195.0,26,171,3,12,84.7967200772425,64.80624847077611
877,"Whiteside County, IL",2020,17195.0,29,195,0,0,86.75596162516035,65.7980054203035
878,"Whiteside County, IL",2021,17195.0,36,200,1,5,86.54185962457721,66.13833640737025
879,"Whiteside County, IL",2022,17195.0,25,171,4,16,84.93877523195992,64.81557897383736
880,"Whiteside County, IL",2023,17195.0,19,160,3,28,85.13134863954924,63.707408374131504
881,"Whiteside County, IL",2024,17195.0,27,168,3,14,85.06292469622949,64.79029519460087
882,"Will County, IL",2016,17197.0,32,172,1,4,85.91038251580417,66.18867203249921
883,"Will County, IL",2017,17197.0,19,98,0,0,82.29570186854421,63.099972155758884
884,"Will County, IL",2018,17197.0,38,258,4,14,85.51097071255613,65.81660085294179
885,"Will County, IL",2019,17197.0,28,172,2,11,83.87800598371541,64.32913036185037
886,"Will County, IL",2020,17197.0,27,170,1,3,86.1235072273342,65.77440299678692
887,"Will County, IL",2021,17197.0,28,155,2,5,85.774877150404,66.55072119259013
888,"Will County, IL",2022,17197.0,23,151,2,8,84.33866802135199,64.9047547796499
889,"Will County, IL",2023,17197.0,17,126,3,25,83.5966176344009,63.25326319684093
890,"Will County, IL",2024,17197.0,26,164,2,8,84.5496950744072,64.5153016848656
891,"Williamson County, IL",2016,17199.0,71,586,9,20,93.31611758953996,73.09959403757342
892,"Williamson County, IL",2017,17199.0,50,362,4,11,89.34222093550171,69.85202318289635
893,"Williamson County, IL",2018,17199.0,83,588,4,10,91.73002829913497,71.8566971260037
894,"Williamson County, IL",2019,17199.0,64,441,4,11,89.88194128877876,70.37401795846753
895,"Williamson County, IL",2020,17199.0,57,375,1,3,90.66493855352695,71.24034624524285
896,"Williamson County, IL",2021,17199.0,57,437,2,5,91.10823729794848,71.34383569537731
897,"Williamson County, IL",2022,17199.0,56,520,13,52,92.16167244502505,71.54953940855705
898,"Williamson County, IL",2023,17199.0,47,368,11,79,90.91056188779659,69.7747204021257
899,"Williamson County, IL",2024,17199.0,53,413,7,16,90.73042149320756,69.44470939468707
900,"Winnebago County, IL",2016,17201.0,20,119,2,8,84.0309045232518,64.45986659991021
901,"Winnebago County, IL",2017,17201.0,13,69,0,0,80.6195267458602,61.105475766997
902,"Winnebago County, IL",2018,17201.0,29,168,2,10,83.41231529990263,63.95075756987682
903,"Winnebago County, IL",2019,17201.0,20,122,2,4,82.7607936057529,63.20736731013428
904,"Winnebago County, IL",2020,17201.0,26,162,0,0,85.43781764107023,64.41233348756647
905,"Winnebago County, IL",2021,17201.0,31,160,1,2,85.97089826681162,65.46870190958802
906,"Winnebago County, IL",2022,17201.0,18,105,1,3,83.10404305157486,63.433140670209475
907,"Winnebago County, IL",2023,17201.0,15,112,3,20,83.19538889928333,62.30602158409894
908,"Winnebago County, IL",2024,17201.0,19,107,2,8,82.86101796171239,63.0946121222113
909,"Woodford County, IL",2016,17203.0,40,246,3,11,87.74580578958884,67.65220770666195
910,"Woodford County, IL",2017,17203.0,29,154,1,3,84.70301041028145,63.79234397084419
911,"Woodford County, IL",2018,17203.0,47,314,3,8,87.21020670044474,66.58234893773235
912,"Woodford County, IL",2019,17203.0,28,188,3,9,85.38829273586246,65.24538452397515
913,"Woodford County, IL",2020,17203.0,30,199,1,1,87.45966261843775,66.89220256356376
914,"Woodford County, IL",2021,17203.0,30,194,2,9,86.65713183857969,66.82179145276709
915,"Woodford County, IL",2022,17203.0,31,213,4,19,85.97085718627648,65.59063701893255
916,"Woodford County, IL",2023,17203.0,23,180,4,28,85.4268281349425,64.06623611791264
917,"Woodford County, IL",2024,17203.0,31,193,2,13,85.59861442469123,65.36351057263235
