,County,Year,FIPS,WBGT Days above 85,WBGT Hours above 85,WBGT Days above 90,WBGT Hours above 90,WBGT Av. 24h high JJA,WBGT Av. 24h low JJA
0,"Adams County, IL",2016,17001.0,3,5,0,0,77.22339656335525,66.3203206084622
1,"Adams County, IL",2017,17001.0,2,7,0,0,75.41407233409872,62.76810371647525
2,"Adams County, IL",2018,17001.0,0,0,0,0,77.14047589886083,65.9469543753885
3,"Adams County, IL",2019,17001.0,1,2,0,0,75.57269511108822,64.63287394278584
4,"Adams County, IL",2020,17001.0,0,0,0,0,76.5715251828527,64.81514275416471
5,"Adams County, IL",2021,17001.0,1,0,0,0,76.82695832482267,65.76545780469341
6,"Adams County, IL",2022,17001.0,4,0,0,0,76.52017053865748,64.87121932195771
7,"Adams County, IL",2023,17001.0,7,0,0,0,75.70740516077849,64.00215965141452
8,"Adams County, IL",2024,17001.0,3,0,0,0,75.88413504678545,64.61838932209703
9,"Alexander County, IL",2016,17003.0,1,3,0,0,79.8629017137538,70.86154384849638
10,"Alexander County, IL",2017,17003.0,0,0,0,0,77.02020091995979,66.94792518207967
11,"Alexander County, IL",2018,17003.0,1,4,0,0,78.78871857783018,69.34997476541467
12,"Alexander County, IL",2019,17003.0,2,2,0,0,77.51553276112064,67.72631174289141
13,"Alexander County, IL",2020,17003.0,1,2,0,0,78.06229852463626,68.61179293337771
14,"Alexander County, IL",2021,17003.0,0,0,0,0,78.2075798971365,68.89340655030531
15,"Alexander County, IL",2022,17003.0,7,0,0,0,78.72681964210612,68.54854654192039
16,"Alexander County, IL",2023,17003.0,8,0,0,0,78.02155203890767,67.48345233064468
17,"Alexander County, IL",2024,17003.0,3,0,0,0,78.20839414746584,67.73328827582122
18,"Bond County, IL",2016,17005.0,2,6,0,0,78.00877616674265,67.90705374789273
19,"Bond County, IL",2017,17005.0,1,2,0,0,75.74938828257105,64.44840905146542
20,"Bond County, IL",2018,17005.0,0,0,0,0,77.31942170904547,67.19186377962761
21,"Bond County, IL",2019,17005.0,1,1,0,0,76.16910672538349,65.67993151449936
22,"Bond County, IL",2020,17005.0,1,0,0,0,76.68170987039746,66.13501319398202
23,"Bond County, IL",2021,17005.0,0,0,0,0,77.2317507949975,67.37318784787287
24,"Bond County, IL",2022,17005.0,2,0,0,0,77.05580050725275,66.51077756743169
25,"Bond County, IL",2023,17005.0,8,0,0,0,76.25126692114569,65.15597327620898
26,"Bond County, IL",2024,17005.0,2,0,0,0,76.53088400810574,65.64702330098132
27,"Boone County, IL",2016,17007.0,1,1,0,0,73.54982930263198,61.77583650079091
28,"Boone County, IL",2017,17007.0,0,0,0,0,71.21551635663288,58.96870342825863
29,"Boone County, IL",2018,17007.0,1,2,0,0,73.3648623102941,61.606773345396824
30,"Boone County, IL",2019,17007.0,0,0,0,0,72.28531572485099,60.516179106904886
31,"Boone County, IL",2020,17007.0,0,0,0,0,73.7372295990909,61.645319936632326
32,"Boone County, IL",2021,17007.0,0,0,0,0,73.88848102261089,62.473945973422126
33,"Boone County, IL",2022,17007.0,0,0,0,0,72.32082904834249,60.42574836698805
34,"Boone County, IL",2023,17007.0,2,0,0,0,71.81389090631035,59.77799773120966
35,"Boone County, IL",2024,17007.0,0,0,0,0,72.43471938768486,60.82689963017955
36,"Brown County, IL",2016,17009.0,3,7,0,0,77.24445577356666,66.17687400491366
37,"Brown County, IL",2017,17009.0,2,7,0,0,75.35231749595374,62.38929873419499
38,"Brown County, IL",2018,17009.0,0,0,0,0,77.1004388644811,65.62893056436599
39,"Brown County, IL",2019,17009.0,1,2,0,0,75.53344967292827,64.37601585921087
40,"Brown County, IL",2020,17009.0,0,0,0,0,76.48283632559983,64.46702251591364
41,"Brown County, IL",2021,17009.0,1,0,0,0,76.92118415675341,65.57340227164305
42,"Brown County, IL",2022,17009.0,3,0,0,0,76.4614525930158,64.5767133791183
43,"Brown County, IL",2023,17009.0,7,0,0,0,75.6299532282671,63.610500993459254
44,"Brown County, IL",2024,17009.0,3,0,0,0,75.87635052218188,64.47080996508215
45,"Bureau County, IL",2016,17011.0,2,4,0,0,75.29435483070664,64.01114833350712
46,"Bureau County, IL",2017,17011.0,0,0,0,0,73.12073589104641,60.35121528189519
47,"Bureau County, IL",2018,17011.0,1,1,0,0,75.44158350662914,63.33900551354479
48,"Bureau County, IL",2019,17011.0,1,3,0,0,73.94913055408868,62.19829368194549
49,"Bureau County, IL",2020,17011.0,0,0,0,0,74.97293984892472,63.072355128089214
50,"Bureau County, IL",2021,17011.0,1,0,0,0,75.14975889440502,63.716571198860514
51,"Bureau County, IL",2022,17011.0,0,0,0,0,74.2041015817076,62.27251897916636
52,"Bureau County, IL",2023,17011.0,3,0,0,0,73.5096269938983,61.07229869916478
53,"Bureau County, IL",2024,17011.0,2,0,0,0,74.02509848695166,62.70964812291625
54,"Calhoun County, IL",2016,17013.0,3,10,0,0,78.13474169011221,67.91965854164542
55,"Calhoun County, IL",2017,17013.0,2,6,0,0,75.9653367527525,64.1915453415253
56,"Calhoun County, IL",2018,17013.0,2,4,0,0,77.65587439807605,67.08582543393223
57,"Calhoun County, IL",2019,17013.0,0,0,0,0,76.24524859731522,65.65006577086558
58,"Calhoun County, IL",2020,17013.0,0,0,0,0,77.17231803808329,66.15985696784583
59,"Calhoun County, IL",2021,17013.0,0,0,0,0,77.46345109752072,67.18228483087529
60,"Calhoun County, IL",2022,17013.0,5,0,0,0,77.38544979430957,66.40801731925295
61,"Calhoun County, IL",2023,17013.0,8,0,0,0,76.61656056003369,65.24524307244687
62,"Calhoun County, IL",2024,17013.0,2,0,0,0,76.62540816053105,65.77903556557149
63,"Carroll County, IL",2016,17015.0,2,2,0,0,74.33459538371012,63.12303458252061
64,"Carroll County, IL",2017,17015.0,0,0,0,0,72.30509924592994,59.794740707105426
65,"Carroll County, IL",2018,17015.0,1,1,0,0,74.47832177237167,62.65710527017773
66,"Carroll County, IL",2019,17015.0,1,1,0,0,73.17806382442299,61.47431089476597
67,"Carroll County, IL",2020,17015.0,0,0,0,0,74.35280229391786,62.34267159671484
68,"Carroll County, IL",2021,17015.0,1,0,0,0,74.55665708134102,62.83435003697716
69,"Carroll County, IL",2022,17015.0,0,0,0,0,73.31767038720504,61.508696660565846
70,"Carroll County, IL",2023,17015.0,3,0,0,0,72.93907668648127,60.58904511395842
71,"Carroll County, IL",2024,17015.0,1,0,0,0,73.36661685902608,62.00717037089324
72,"Cass County, IL",2016,17017.0,3,11,0,0,77.33912112178535,66.3431493838796
73,"Cass County, IL",2017,17017.0,2,5,0,0,75.35104911557788,62.469430836125156
74,"Cass County, IL",2018,17017.0,2,2,0,0,77.09371852085997,65.57311684244604
75,"Cass County, IL",2019,17017.0,1,0,0,0,75.61412178058605,64.23791043190488
76,"Cass County, IL",2020,17017.0,0,0,0,0,76.42257811926684,64.49019487192557
77,"Cass County, IL",2021,17017.0,0,0,0,0,76.99202874074027,65.66035470611475
78,"Cass County, IL",2022,17017.0,4,0,0,0,76.37415880522909,64.53180219475003
79,"Cass County, IL",2023,17017.0,7,0,0,0,75.54173678865334,63.34424269022588
80,"Cass County, IL",2024,17017.0,3,0,0,0,75.87169197453757,64.48105549217472
81,"Champaign County, IL",2016,17019.0,1,2,0,0,76.03938266235683,64.67515302402599
82,"Champaign County, IL",2017,17019.0,0,0,0,0,73.8899396650945,61.734290863873234
83,"Champaign County, IL",2018,17019.0,0,0,0,0,75.86543122848857,64.46181740855394
84,"Champaign County, IL",2019,17019.0,0,0,0,0,74.74856481556506,62.93290039643525
85,"Champaign County, IL",2020,17019.0,0,0,0,0,75.18054165634969,63.45276162606915
86,"Champaign County, IL",2021,17019.0,0,0,0,0,75.76606097370754,64.5337583950655
87,"Champaign County, IL",2022,17019.0,1,0,0,0,75.08016793561146,63.44790568831316
88,"Champaign County, IL",2023,17019.0,2,0,0,0,74.14479038316117,61.75698025325277
89,"Champaign County, IL",2024,17019.0,2,0,0,0,74.48426421437256,62.366116381373715
90,"Christian County, IL",2016,17021.0,2,5,0,0,77.09868166258308,66.16498834797949
91,"Christian County, IL",2017,17021.0,0,0,0,0,74.98911082717814,62.60559534938678
92,"Christian County, IL",2018,17021.0,0,0,0,0,76.71186354216738,65.45091480055514
93,"Christian County, IL",2019,17021.0,0,0,0,0,75.48601648089932,63.960620526098594
94,"Christian County, IL",2020,17021.0,0,0,0,0,76.09535823913247,64.26581532215569
95,"Christian County, IL",2021,17021.0,1,0,0,0,76.76358173896591,65.75993722180468
96,"Christian County, IL",2022,17021.0,2,0,0,0,76.14945012116716,64.53800274032646
97,"Christian County, IL",2023,17021.0,6,0,0,0,75.3042875095935,63.08482024799588
98,"Christian County, IL",2024,17021.0,2,0,0,0,75.7389974633837,64.03923819541805
99,"Clark County, IL",2016,17023.0,0,0,0,0,76.9419417052098,66.16928405411963
100,"Clark County, IL",2017,17023.0,0,0,0,0,74.51499560726553,62.812753292994195
101,"Clark County, IL",2018,17023.0,0,0,0,0,76.56421977917132,65.92364889702867
102,"Clark County, IL",2019,17023.0,0,0,0,0,75.35390178628145,64.26634407894637
103,"Clark County, IL",2020,17023.0,0,0,0,0,75.74139769036404,64.7153373610835
104,"Clark County, IL",2021,17023.0,0,0,0,0,76.59161747842421,65.99801042668655
105,"Clark County, IL",2022,17023.0,2,0,0,0,75.96183180207595,64.8943899139363
106,"Clark County, IL",2023,17023.0,3,0,0,0,74.93727491964603,63.48017655940018
107,"Clark County, IL",2024,17023.0,0,0,0,0,75.32537989477517,63.49254899529711
108,"Clay County, IL",2016,17025.0,1,2,0,0,77.98705645854365,67.85926431562517
109,"Clay County, IL",2017,17025.0,1,1,0,0,75.55277662756133,64.38667555513662
110,"Clay County, IL",2018,17025.0,0,0,0,0,77.38178288461565,67.02280652332934
111,"Clay County, IL",2019,17025.0,1,1,0,0,76.19632959965799,65.49203494946099
112,"Clay County, IL",2020,17025.0,1,1,0,0,76.61878413465612,66.09140092899054
113,"Clay County, IL",2021,17025.0,0,0,0,0,77.3328761830055,67.25185394124591
114,"Clay County, IL",2022,17025.0,4,0,0,0,76.99076549379173,66.22011299409478
115,"Clay County, IL",2023,17025.0,6,0,0,0,76.12199446385928,64.98558829323127
116,"Clay County, IL",2024,17025.0,0,0,0,0,76.36650363535307,65.11132930869981
117,"Clinton County, IL",2016,17027.0,3,6,0,0,78.44990838202048,68.61198734185251
118,"Clinton County, IL",2017,17027.0,1,2,0,0,76.02140072424265,65.17189004186656
119,"Clinton County, IL",2018,17027.0,0,0,0,0,77.60928163283424,67.78854318558743
120,"Clinton County, IL",2019,17027.0,1,1,0,0,76.50815083081191,66.33484257325826
121,"Clinton County, IL",2020,17027.0,1,1,0,0,77.02486742009054,66.88112255645794
122,"Clinton County, IL",2021,17027.0,0,0,0,0,77.49768931463593,67.9040627415468
123,"Clinton County, IL",2022,17027.0,4,0,0,0,77.5106823818298,67.11515464838995
124,"Clinton County, IL",2023,17027.0,9,0,0,0,76.7010388966362,65.93548027823692
125,"Clinton County, IL",2024,17027.0,2,0,0,0,76.94615775612534,66.31566235105286
126,"Coles County, IL",2016,17029.0,0,0,0,0,76.63706012603045,65.71163436002438
127,"Coles County, IL",2017,17029.0,0,0,0,0,74.40522155014482,62.40361031619139
128,"Coles County, IL",2018,17029.0,0,0,0,0,76.30441286613126,65.42898008526235
129,"Coles County, IL",2019,17029.0,0,0,0,0,75.09169411751084,63.80754683619033
130,"Coles County, IL",2020,17029.0,0,0,0,0,75.44071662824146,64.2264018048797
131,"Coles County, IL",2021,17029.0,0,0,0,0,76.37209596708153,65.67017787981905
132,"Coles County, IL",2022,17029.0,2,0,0,0,75.6780162046622,64.57528043459571
133,"Coles County, IL",2023,17029.0,4,0,0,0,74.72430257839636,62.93980633350929
134,"Coles County, IL",2024,17029.0,1,0,0,0,75.21231524629316,63.319248406181025
135,"Cook County, IL",2016,17031.0,0,0,0,0,73.61555512108711,63.68401916050528
136,"Cook County, IL",2017,17031.0,0,0,0,0,70.96801235624689,60.88794000900593
137,"Cook County, IL",2018,17031.0,0,0,0,0,73.13880326357436,63.236690412144256
138,"Cook County, IL",2019,17031.0,0,0,0,0,71.46069879280199,61.36225165621885
139,"Cook County, IL",2020,17031.0,0,0,0,0,73.44285228790761,63.366390342255116
140,"Cook County, IL",2021,17031.0,0,0,0,0,73.3452872505817,64.03233998800168
141,"Cook County, IL",2022,17031.0,0,0,0,0,72.06245655976095,62.02958752243984
142,"Cook County, IL",2023,17031.0,2,0,0,0,70.85659848875292,61.07331087217433
143,"Cook County, IL",2024,17031.0,1,0,0,0,72.35953751634925,62.4084701028372
144,"Crawford County, IL",2016,17033.0,1,1,0,0,77.56851063612947,67.03918602370113
145,"Crawford County, IL",2017,17033.0,0,0,0,0,74.98716638094301,63.49503940095085
146,"Crawford County, IL",2018,17033.0,0,0,0,0,77.04195601465689,66.52750811682057
147,"Crawford County, IL",2019,17033.0,0,0,0,0,75.83247780688899,64.78779064308159
148,"Crawford County, IL",2020,17033.0,0,0,0,0,76.24431477105908,65.40671742637284
149,"Crawford County, IL",2021,17033.0,0,0,0,0,77.0265178145375,66.50095308611476
150,"Crawford County, IL",2022,17033.0,3,0,0,0,76.48415277562704,65.42773943553281
151,"Crawford County, IL",2023,17033.0,3,0,0,0,75.53401258195431,64.15895232956595
152,"Crawford County, IL",2024,17033.0,0,0,0,0,75.84407240066584,64.08469150763558
153,"Cumberland County, IL",2016,17035.0,1,2,0,0,77.12265080129966,66.27285858673572
154,"Cumberland County, IL",2017,17035.0,1,2,0,0,74.82932268659172,62.90152063527516
155,"Cumberland County, IL",2018,17035.0,0,0,0,0,76.72116011573327,65.92879374399253
156,"Cumberland County, IL",2019,17035.0,0,0,0,0,75.47921360377526,64.39275198812514
157,"Cumberland County, IL",2020,17035.0,0,0,0,0,75.86281918838662,64.77912419287287
158,"Cumberland County, IL",2021,17035.0,1,0,0,0,76.78001256319034,66.14178191388903
159,"Cumberland County, IL",2022,17035.0,2,0,0,0,76.15355608953179,64.96332742331695
160,"Cumberland County, IL",2023,17035.0,4,0,0,0,75.1967079882653,63.5986272054355
161,"Cumberland County, IL",2024,17035.0,0,0,0,0,75.58112195588396,63.70038843192134
162,"Dekalb County, IL",2016,17037.0,0,0,0,0,74.240088884201,62.26376437326737
163,"Dekalb County, IL",2017,17037.0,0,0,0,0,71.78542998186512,59.31872725648508
164,"Dekalb County, IL",2018,17037.0,1,2,0,0,74.1728232894282,62.10394089162337
165,"Dekalb County, IL",2019,17037.0,1,1,0,0,72.95795769665317,60.88075969197942
166,"Dekalb County, IL",2020,17037.0,0,0,0,0,74.21905357836464,61.963870989884654
167,"Dekalb County, IL",2021,17037.0,0,0,0,0,74.35023835964144,62.88434168933973
168,"Dekalb County, IL",2022,17037.0,1,0,0,0,72.98876061640046,60.70652029564767
169,"Dekalb County, IL",2023,17037.0,2,0,0,0,72.33226051292492,60.072634826279184
170,"Dekalb County, IL",2024,17037.0,1,0,0,0,73.03362354831421,61.34091026544431
171,"Dewitt County, IL",2016,17039.0,1,2,0,0,76.19192024808082,64.97017793475823
172,"Dewitt County, IL",2017,17039.0,0,0,0,0,73.97985260082247,61.72734080620116
173,"Dewitt County, IL",2018,17039.0,0,0,0,0,75.96473427724281,64.3808273148992
174,"Dewitt County, IL",2019,17039.0,1,1,0,0,74.76439505259209,62.99163511387051
175,"Dewitt County, IL",2020,17039.0,0,0,0,0,75.3667919142782,63.6611370146827
176,"Dewitt County, IL",2021,17039.0,0,0,0,0,75.91674124952057,64.73469595723377
177,"Dewitt County, IL",2022,17039.0,1,0,0,0,75.158042363395,63.35052802493131
178,"Dewitt County, IL",2023,17039.0,3,2,0,0,74.28356892785406,61.94838391764971
179,"Dewitt County, IL",2024,17039.0,2,0,0,0,74.78053397276408,62.861885768486175
180,"Douglas County, IL",2016,17041.0,1,1,0,0,76.43044922386544,65.30685605438082
181,"Douglas County, IL",2017,17041.0,0,0,0,0,74.32862750575029,62.064125964757906
182,"Douglas County, IL",2018,17041.0,0,0,0,0,76.23201518642439,64.97507117740548
183,"Douglas County, IL",2019,17041.0,0,0,0,0,75.02694251303691,63.38969743923759
184,"Douglas County, IL",2020,17041.0,0,0,0,0,75.41780237392634,63.75287068295079
185,"Douglas County, IL",2021,17041.0,0,0,0,0,76.26519877195737,65.20476248977734
186,"Douglas County, IL",2022,17041.0,2,0,0,0,75.53077344444804,64.17474226369913
187,"Douglas County, IL",2023,17041.0,5,0,0,0,74.61521856780347,62.42080084698904
188,"Douglas County, IL",2024,17041.0,1,0,0,0,75.02832603661332,62.84946318905034
189,"Dupage County, IL",2016,17043.0,0,0,0,0,74.36767162249896,62.83101489175995
190,"Dupage County, IL",2017,17043.0,0,0,0,0,71.72374905169394,60.12627806323751
191,"Dupage County, IL",2018,17043.0,1,3,0,0,74.02316552183677,62.638460220566095
192,"Dupage County, IL",2019,17043.0,1,2,0,0,72.74796128155633,61.054967450929425
193,"Dupage County, IL",2020,17043.0,0,0,0,0,74.30727826474308,62.59635637111423
194,"Dupage County, IL",2021,17043.0,1,0,0,0,74.17652260338444,63.42802567531452
195,"Dupage County, IL",2022,17043.0,1,0,0,0,72.83475058489253,61.19709320329771
196,"Dupage County, IL",2023,17043.0,2,0,0,0,72.00891359137835,60.49663919277096
197,"Dupage County, IL",2024,17043.0,1,0,0,0,73.10434355464676,61.66343719900813
198,"Edgar County, IL",2016,17045.0,0,0,0,0,76.47337098047821,65.4632602057906
199,"Edgar County, IL",2017,17045.0,0,0,0,0,74.19251947160096,62.20500474509072
200,"Edgar County, IL",2018,17045.0,0,0,0,0,76.24303404444194,65.33322107872979
201,"Edgar County, IL",2019,17045.0,0,0,0,0,75.05935956099356,63.578388570924766
202,"Edgar County, IL",2020,17045.0,0,0,0,0,75.43305854129443,64.13064026676675
203,"Edgar County, IL",2021,17045.0,0,0,0,0,76.26296917211288,65.46297417108251
204,"Edgar County, IL",2022,17045.0,2,0,0,0,75.5618301556908,64.35598042196263
205,"Edgar County, IL",2023,17045.0,4,0,0,0,74.55709562343147,62.72896950352781
206,"Edgar County, IL",2024,17045.0,1,0,0,0,74.95973123393466,62.90375216102888
207,"Edwards County, IL",2016,17047.0,1,2,0,0,78.5077508538124,68.73309558586557
208,"Edwards County, IL",2017,17047.0,1,1,0,0,75.74789992595555,64.9329882522371
209,"Edwards County, IL",2018,17047.0,0,0,0,0,77.68403630800509,67.68946493480207
210,"Edwards County, IL",2019,17047.0,0,0,0,0,76.52366748426454,65.82895361216545
211,"Edwards County, IL",2020,17047.0,1,2,0,0,77.00448646485654,66.78274424777229
212,"Edwards County, IL",2021,17047.0,0,0,0,0,77.6247079655716,67.82249137666072
213,"Edwards County, IL",2022,17047.0,4,0,0,0,77.33269750100264,66.78503512722556
214,"Edwards County, IL",2023,17047.0,4,0,0,0,76.3802232818411,65.4228366320168
215,"Edwards County, IL",2024,17047.0,0,0,0,0,76.70622750220419,65.45006780588774
216,"Effingham County, IL",2016,17049.0,2,3,0,0,77.48084899739825,66.97623311975575
217,"Effingham County, IL",2017,17049.0,1,2,0,0,75.21976156701307,63.578370060001745
218,"Effingham County, IL",2018,17049.0,0,0,0,0,76.99926385230205,66.39692933592444
219,"Effingham County, IL",2019,17049.0,1,1,0,0,75.76739606506894,64.89898365750226
220,"Effingham County, IL",2020,17049.0,1,0,0,0,76.15152010089152,65.28367316802104
221,"Effingham County, IL",2021,17049.0,0,0,0,0,76.99476078236913,66.61489897279894
222,"Effingham County, IL",2022,17049.0,2,0,0,0,76.5099072345265,65.52399529966189
223,"Effingham County, IL",2023,17049.0,5,0,0,0,75.62571582987209,64.1826390591506
224,"Effingham County, IL",2024,17049.0,0,0,0,0,75.9625218622956,64.45392385803986
225,"Fayette County, IL",2016,17051.0,2,5,0,0,77.70939096531933,67.30368783356528
226,"Fayette County, IL",2017,17051.0,1,2,0,0,75.47227405523789,63.82163800132411
227,"Fayette County, IL",2018,17051.0,0,0,0,0,77.13835804491275,66.65709706882397
228,"Fayette County, IL",2019,17051.0,1,1,0,0,75.95286794945822,65.11520703702884
229,"Fayette County, IL",2020,17051.0,0,0,0,0,76.3839813502151,65.49852251789315
230,"Fayette County, IL",2021,17051.0,0,0,0,0,77.07747348417489,66.86401282579834
231,"Fayette County, IL",2022,17051.0,2,0,0,0,76.72561792841616,65.81821929496371
232,"Fayette County, IL",2023,17051.0,7,0,0,0,75.89296141252944,64.4393780779758
233,"Fayette County, IL",2024,17051.0,2,0,0,0,76.22891575176432,64.86612334705148
234,"Ford County, IL",2016,17053.0,1,2,0,0,75.64016338290091,64.08059852826732
235,"Ford County, IL",2017,17053.0,0,0,0,0,73.37872069230458,61.315754039269905
236,"Ford County, IL",2018,17053.0,0,0,0,0,75.59482266585549,64.12521803108352
237,"Ford County, IL",2019,17053.0,1,2,0,0,74.49241794378341,62.480516778899606
238,"Ford County, IL",2020,17053.0,0,0,0,0,75.08854313551065,63.21917698545799
239,"Ford County, IL",2021,17053.0,0,0,0,0,75.3527861238685,64.14597346025211
240,"Ford County, IL",2022,17053.0,2,0,0,0,74.60954523880879,62.71550077254294
241,"Ford County, IL",2023,17053.0,2,5,0,0,73.68353801247122,61.23634914566267
242,"Ford County, IL",2024,17053.0,1,0,0,0,74.15618472414916,62.15013211748584
243,"Franklin County, IL",2016,17055.0,2,4,0,0,79.008488724378,69.85719324116386
244,"Franklin County, IL",2017,17055.0,2,2,0,0,76.41545295919639,66.49642925947899
245,"Franklin County, IL",2018,17055.0,0,0,0,0,78.11660324754699,68.73063120204608
246,"Franklin County, IL",2019,17055.0,2,3,0,0,77.00739814690128,67.34905169560861
247,"Franklin County, IL",2020,17055.0,1,2,0,0,77.49690185898328,68.1247527445586
248,"Franklin County, IL",2021,17055.0,0,0,0,0,77.82499165372803,68.64208605314492
249,"Franklin County, IL",2022,17055.0,5,0,0,0,77.89535306285177,68.02594046804991
250,"Franklin County, IL",2023,17055.0,9,0,0,0,77.13689803661657,67.02612752552045
251,"Franklin County, IL",2024,17055.0,0,0,0,0,77.3017328025065,66.96522801629749
252,"Fulton County, IL",2016,17057.0,2,6,0,0,76.77930568222047,65.64974951559097
253,"Fulton County, IL",2017,17057.0,1,4,0,0,74.77273503629624,61.75529308743941
254,"Fulton County, IL",2018,17057.0,0,0,0,0,76.68313428489122,64.88915675906723
255,"Fulton County, IL",2019,17057.0,1,3,0,0,75.16868649697382,63.60547454736282
256,"Fulton County, IL",2020,17057.0,0,0,0,0,76.00290022419291,63.96013381023174
257,"Fulton County, IL",2021,17057.0,0,0,0,0,76.35823760641176,64.85382039978187
258,"Fulton County, IL",2022,17057.0,1,0,0,0,75.70718090841613,63.70755178258479
259,"Fulton County, IL",2023,17057.0,5,0,0,0,74.80894452530325,62.57187825259506
260,"Fulton County, IL",2024,17057.0,3,0,0,0,75.31665347885938,63.851402862140006
261,"Gallatin County, IL",2016,17059.0,1,2,0,0,79.13665311634396,69.80261496137616
262,"Gallatin County, IL",2017,17059.0,1,1,0,0,76.38067930722214,65.98273132641097
263,"Gallatin County, IL",2018,17059.0,0,0,0,0,78.29093651881804,68.4677784625887
264,"Gallatin County, IL",2019,17059.0,1,1,0,0,77.10190428288126,66.74440437774616
265,"Gallatin County, IL",2020,17059.0,1,2,0,0,77.52883511791488,67.7089376067855
266,"Gallatin County, IL",2021,17059.0,0,0,0,0,77.91714700387843,68.27601639065277
267,"Gallatin County, IL",2022,17059.0,3,0,0,0,77.90893213124174,67.7366096279558
268,"Gallatin County, IL",2023,17059.0,7,0,0,0,76.96732577007252,66.26252657922105
269,"Gallatin County, IL",2024,17059.0,0,0,0,0,77.38150792952278,66.3363278453238
270,"Greene County, IL",2016,17061.0,3,10,0,0,77.74200238983558,67.08206179237314
271,"Greene County, IL",2017,17061.0,2,4,0,0,75.64197481774988,63.301501201828
272,"Greene County, IL",2018,17061.0,0,0,0,0,77.27500671937159,66.25909528666367
273,"Greene County, IL",2019,17061.0,0,0,0,0,75.9438067254048,64.82819098049926
274,"Greene County, IL",2020,17061.0,0,0,0,0,76.80971625500217,65.18000408712213
275,"Greene County, IL",2021,17061.0,0,0,0,0,77.14752877527825,66.39965601215894
276,"Greene County, IL",2022,17061.0,3,0,0,0,76.89811745608525,65.39833132673206
277,"Greene County, IL",2023,17061.0,8,0,0,0,76.1495659278472,64.22118942818922
278,"Greene County, IL",2024,17061.0,2,0,0,0,76.29718168982957,64.98726939155574
279,"Grundy County, IL",2016,17063.0,1,1,0,0,75.33677026796973,63.8112413037908
280,"Grundy County, IL",2017,17063.0,0,0,0,0,72.76786869234944,60.81300228598717
281,"Grundy County, IL",2018,17063.0,2,5,0,0,75.29444490942598,63.6444305988553
282,"Grundy County, IL",2019,17063.0,2,4,0,0,74.04345607707754,62.12747234751226
283,"Grundy County, IL",2020,17063.0,0,0,0,0,75.02256243988045,63.06502594006767
284,"Grundy County, IL",2021,17063.0,1,0,0,0,75.12865079316448,64.09182215909972
285,"Grundy County, IL",2022,17063.0,1,0,0,0,74.06487391455968,62.1484428968776
286,"Grundy County, IL",2023,17063.0,3,2,0,0,73.28774606620917,61.18937482291312
287,"Grundy County, IL",2024,17063.0,1,0,0,0,73.98148879615862,62.3973744521292
288,"Hamilton County, IL",2016,17065.0,1,3,0,0,78.90304509836564,69.06610932463633
289,"Hamilton County, IL",2017,17065.0,1,1,0,0,76.20918732974914,65.45201673033993
290,"Hamilton County, IL",2018,17065.0,0,0,0,0,78.00482642591282,67.91818442557998
291,"Hamilton County, IL",2019,17065.0,1,3,0,0,76.89270405310658,66.3586082895855
292,"Hamilton County, IL",2020,17065.0,1,2,0,0,77.36560400283032,67.17758309964225
293,"Hamilton County, IL",2021,17065.0,0,0,0,0,77.76003047466857,67.9294001875182
294,"Hamilton County, IL",2022,17065.0,4,0,0,0,77.69933338474817,67.05756582359115
295,"Hamilton County, IL",2023,17065.0,9,0,0,0,76.90906639168624,66.01387283883575
296,"Hamilton County, IL",2024,17065.0,0,0,0,0,77.10029923405652,65.88878571086913
297,"Hancock County, IL",2016,17067.0,3,3,0,0,76.88235998520732,66.0457630287133
298,"Hancock County, IL",2017,17067.0,2,6,0,0,75.2441834843629,62.552060548360764
299,"Hancock County, IL",2018,17067.0,0,0,0,0,76.93780252460671,65.68702575835567
300,"Hancock County, IL",2019,17067.0,1,3,0,0,75.27689484189486,64.31258333950878
301,"Hancock County, IL",2020,17067.0,0,0,0,0,76.2697732147446,64.45161897313773
302,"Hancock County, IL",2021,17067.0,0,0,0,0,76.49003282014012,65.29025406248324
303,"Hancock County, IL",2022,17067.0,3,0,0,0,76.12066501693866,64.38584623876429
304,"Hancock County, IL",2023,17067.0,7,0,0,0,75.24278462138875,63.46676704343441
305,"Hancock County, IL",2024,17067.0,3,0,0,0,75.59593074524749,64.31370117037963
306,"Hardin County, IL",2016,17069.0,0,0,0,0,79.2203588222687,70.13012768061175
307,"Hardin County, IL",2017,17069.0,1,1,0,0,76.4755940366055,66.30981989523805
308,"Hardin County, IL",2018,17069.0,0,0,0,0,78.34152152424033,68.70555026901356
309,"Hardin County, IL",2019,17069.0,0,0,0,0,77.10972595857966,67.05475625502422
310,"Hardin County, IL",2020,17069.0,1,2,0,0,77.60792740503267,67.94343139109053
311,"Hardin County, IL",2021,17069.0,0,0,0,0,77.9195495190445,68.46387510219616
312,"Hardin County, IL",2022,17069.0,4,0,0,0,78.05119635721867,68.04218670125871
313,"Hardin County, IL",2023,17069.0,5,0,0,0,77.02214572192918,66.5947083709295
314,"Hardin County, IL",2024,17069.0,0,0,0,0,77.61043262251805,66.69870588137393
315,"Henderson County, IL",2016,17071.0,2,3,0,0,76.24760856290125,65.4211953710848
316,"Henderson County, IL",2017,17071.0,1,4,0,0,74.68629959046493,62.03818194740618
317,"Henderson County, IL",2018,17071.0,0,0,0,0,76.49820702862021,65.04330424274151
318,"Henderson County, IL",2019,17071.0,1,4,0,0,74.7580084822583,63.75251536417328
319,"Henderson County, IL",2020,17071.0,0,0,0,0,75.69396793084225,63.855958978637034
320,"Henderson County, IL",2021,17071.0,0,0,0,0,75.97103461565794,64.6743873614152
321,"Henderson County, IL",2022,17071.0,2,0,0,0,75.44613576225012,63.841289006999
322,"Henderson County, IL",2023,17071.0,6,0,0,0,74.57724935219952,62.68027775963561
323,"Henderson County, IL",2024,17071.0,3,0,0,0,75.10654013525792,63.837965723242256
324,"Henry County, IL",2016,17073.0,2,4,0,0,75.45457230327034,64.37890517950628
325,"Henry County, IL",2017,17073.0,0,0,0,0,73.54360022665882,60.76855074484679
326,"Henry County, IL",2018,17073.0,1,1,0,0,75.64647571723728,63.78361178251546
327,"Henry County, IL",2019,17073.0,1,4,0,0,74.15424028310004,62.713912725017586
328,"Henry County, IL",2020,17073.0,0,0,0,0,75.07267132079396,63.115354378170395
329,"Henry County, IL",2021,17073.0,1,0,0,0,75.32104905454545,63.74059612293478
330,"Henry County, IL",2022,17073.0,1,0,0,0,74.45778762734213,62.685847999634646
331,"Henry County, IL",2023,17073.0,3,0,0,0,73.76252279915995,61.52494615253601
332,"Henry County, IL",2024,17073.0,3,0,0,0,74.24429351559493,63.007712859387816
333,"Iroquois County, IL",2016,17075.0,1,1,0,0,75.45101440532521,63.779278774159344
334,"Iroquois County, IL",2017,17075.0,0,0,0,0,73.19574540204009,61.135512651942975
335,"Iroquois County, IL",2018,17075.0,0,0,0,0,75.4986354438788,64.17732994814534
336,"Iroquois County, IL",2019,17075.0,1,3,0,0,74.38477909125947,62.31421202189105
337,"Iroquois County, IL",2020,17075.0,0,0,0,0,75.06271019638595,63.11222235957391
338,"Iroquois County, IL",2021,17075.0,0,0,0,0,75.18461576618868,64.08474180998192
339,"Iroquois County, IL",2022,17075.0,2,0,0,0,74.46305061838703,62.690316896324475
340,"Iroquois County, IL",2023,17075.0,3,4,0,0,73.43332178332692,61.01452258120414
341,"Iroquois County, IL",2024,17075.0,1,0,0,0,74.0314155904933,61.97466811532166
342,"Jackson County, IL",2016,17077.0,2,4,0,0,79.12742871392031,69.64862067545944
343,"Jackson County, IL",2017,17077.0,2,3,0,0,76.54014984857876,66.1397067468213
344,"Jackson County, IL",2018,17077.0,0,0,0,0,78.2022866307627,68.44998412575589
345,"Jackson County, IL",2019,17077.0,2,2,0,0,77.06710600350404,67.00449947717972
346,"Jackson County, IL",2020,17077.0,1,1,0,0,77.68206894260929,67.88784758441093
347,"Jackson County, IL",2021,17077.0,0,0,0,0,77.88600911447003,68.21182914707153
348,"Jackson County, IL",2022,17077.0,7,0,0,0,78.04629489590228,67.62521347373092
349,"Jackson County, IL",2023,17077.0,9,0,0,0,77.32442821883295,66.67712366090952
350,"Jackson County, IL",2024,17077.0,2,0,0,0,77.5218273958819,66.90500863115459
351,"Jasper County, IL",2016,17079.0,1,2,0,0,77.52988747586838,66.89644338083825
352,"Jasper County, IL",2017,17079.0,1,1,0,0,75.11627847921099,63.40880844638744
353,"Jasper County, IL",2018,17079.0,0,0,0,0,77.02479339854061,66.33250621806914
354,"Jasper County, IL",2019,17079.0,0,0,0,0,75.82957346504605,64.77074808234539
355,"Jasper County, IL",2020,17079.0,0,0,0,0,76.22732810873742,65.2951941050193
356,"Jasper County, IL",2021,17079.0,0,0,0,0,77.04893656671209,66.4990821384022
357,"Jasper County, IL",2022,17079.0,2,0,0,0,76.52060647954562,65.35400491678465
358,"Jasper County, IL",2023,17079.0,3,0,0,0,75.60757750430649,64.08820869627382
359,"Jasper County, IL",2024,17079.0,0,0,0,0,75.91943855326399,64.10759430266218
360,"Jefferson County, IL",2016,17081.0,2,4,0,0,78.56753979628184,68.96316101263156
361,"Jefferson County, IL",2017,17081.0,2,3,0,0,76.05009596411338,65.42522272675535
362,"Jefferson County, IL",2018,17081.0,0,0,0,0,77.70435945325194,67.94485686087002
363,"Jefferson County, IL",2019,17081.0,2,3,0,0,76.63652254022415,66.45561881929476
364,"Jefferson County, IL",2020,17081.0,1,2,0,0,77.11521272780983,67.18482460448554
365,"Jefferson County, IL",2021,17081.0,0,0,0,0,77.54619162358837,68.05721861545517
366,"Jefferson County, IL",2022,17081.0,5,0,0,0,77.52670809929033,67.15392089973662
367,"Jefferson County, IL",2023,17081.0,9,0,0,0,76.73163693986821,66.12290746734926
368,"Jefferson County, IL",2024,17081.0,1,0,0,0,76.93046773355483,66.16764016373072
369,"Jersey County, IL",2016,17083.0,3,11,0,0,78.1159095907551,67.9787237691322
370,"Jersey County, IL",2017,17083.0,2,4,0,0,75.92214134596264,64.23863094695007
371,"Jersey County, IL",2018,17083.0,0,0,0,0,77.5259275469445,67.0934680303022
372,"Jersey County, IL",2019,17083.0,0,0,0,0,76.26961657264333,65.64178073455426
373,"Jersey County, IL",2020,17083.0,0,0,0,0,77.06370335569294,66.09930515976843
374,"Jersey County, IL",2021,17083.0,0,0,0,0,77.36918911733517,67.25331224150358
375,"Jersey County, IL",2022,17083.0,3,0,0,0,77.19991267494602,66.36781285584493
376,"Jersey County, IL",2023,17083.0,8,0,0,0,76.5398591172478,65.1686378601008
377,"Jersey County, IL",2024,17083.0,2,0,0,0,76.64325369352422,65.77333704145299
378,"Jo Daviess County, IL",2016,17085.0,0,0,0,0,73.84840797698753,62.61330449349567
379,"Jo Daviess County, IL",2017,17085.0,0,0,0,0,71.87569833038577,59.59302508747859
380,"Jo Daviess County, IL",2018,17085.0,1,1,0,0,73.94830124625582,62.30623559349183
381,"Jo Daviess County, IL",2019,17085.0,1,3,0,0,72.63683015916416,61.021968321811705
382,"Jo Daviess County, IL",2020,17085.0,0,0,0,0,73.79692196589873,61.7106660951498
383,"Jo Daviess County, IL",2021,17085.0,0,0,0,0,74.07125050903319,62.219215079507514
384,"Jo Daviess County, IL",2022,17085.0,0,0,0,0,72.80608115705567,60.993784353992545
385,"Jo Daviess County, IL",2023,17085.0,2,0,0,0,72.62176335671825,60.13754905588111
386,"Jo Daviess County, IL",2024,17085.0,1,0,0,0,72.86925049086324,61.48093874352253
387,"Johnson County, IL",2016,17087.0,1,3,0,0,79.24809198231698,70.04977557685297
388,"Johnson County, IL",2017,17087.0,0,0,0,0,76.52114627914885,66.27199581297329
389,"Johnson County, IL",2018,17087.0,1,3,0,0,78.28887325293256,68.67755816758559
390,"Johnson County, IL",2019,17087.0,1,2,0,0,77.09716188156634,67.02362756918056
391,"Johnson County, IL",2020,17087.0,1,2,0,0,77.65257885057713,67.94783773215066
392,"Johnson County, IL",2021,17087.0,0,0,0,0,77.8361999826739,68.25090737548304
393,"Johnson County, IL",2022,17087.0,4,0,0,0,78.10507391420072,67.86909456954136
394,"Johnson County, IL",2023,17087.0,7,0,0,0,77.33549152208647,66.76021785886249
395,"Johnson County, IL",2024,17087.0,0,0,0,0,77.69967702163332,66.90225088752123
396,"Kane County, IL",2016,17089.0,0,0,0,0,74.16325032215639,62.26634815008033
397,"Kane County, IL",2017,17089.0,0,0,0,0,71.60375466021917,59.547374319662005
398,"Kane County, IL",2018,17089.0,1,3,0,0,73.93474389735853,62.17879635488177
399,"Kane County, IL",2019,17089.0,1,1,0,0,72.8051647616646,60.799853424615
400,"Kane County, IL",2020,17089.0,0,0,0,0,74.14747651687105,62.035429682310905
401,"Kane County, IL",2021,17089.0,1,0,0,0,74.1469251791556,62.972170171259094
402,"Kane County, IL",2022,17089.0,1,0,0,0,72.77328038833694,60.67537947335333
403,"Kane County, IL",2023,17089.0,2,0,0,0,72.10556938241622,60.120838482535135
404,"Kane County, IL",2024,17089.0,1,0,0,0,72.95501450940863,61.28722098552049
405,"Kankakee County, IL",2016,17091.0,1,1,0,0,75.2596163454291,63.575970470340565
406,"Kankakee County, IL",2017,17091.0,0,0,0,0,72.80957491258123,60.93186044653599
407,"Kankakee County, IL",2018,17091.0,1,1,0,0,75.28441295021396,63.8475540084386
408,"Kankakee County, IL",2019,17091.0,1,2,0,0,74.02478754269606,62.0836502857687
409,"Kankakee County, IL",2020,17091.0,0,0,0,0,74.96805223406297,63.008385732675144
410,"Kankakee County, IL",2021,17091.0,0,0,0,0,74.95860082182885,63.97480347676327
411,"Kankakee County, IL",2022,17091.0,1,0,0,0,74.10055002412635,62.338402028329526
412,"Kankakee County, IL",2023,17091.0,2,5,0,0,73.03856940809787,60.90191540520406
413,"Kankakee County, IL",2024,17091.0,1,0,0,0,73.88024533345805,62.01930813632124
414,"Kendall County, IL",2016,17093.0,0,0,0,0,74.90398037655568,63.154296727922706
415,"Kendall County, IL",2017,17093.0,0,0,0,0,72.29552281908597,60.245535252255074
416,"Kendall County, IL",2018,17093.0,2,4,0,0,74.82748092367156,63.025996061608105
417,"Kendall County, IL",2019,17093.0,1,2,0,0,73.56324265171841,61.6036866245848
418,"Kendall County, IL",2020,17093.0,0,0,0,0,74.7128720459888,62.698911206843455
419,"Kendall County, IL",2021,17093.0,1,0,0,0,74.7941344129414,63.68915337360717
420,"Kendall County, IL",2022,17093.0,1,0,0,0,73.55333048609917,61.49949787655309
421,"Kendall County, IL",2023,17093.0,3,0,0,0,72.85197339531182,60.83151864597931
422,"Kendall County, IL",2024,17093.0,1,0,0,0,73.60401011788247,62.04364864377796
423,"Knox County, IL",2016,17095.0,2,3,0,0,75.90696162997702,64.89235777281905
424,"Knox County, IL",2017,17095.0,1,2,0,0,74.01751057618584,61.11525681959163
425,"Knox County, IL",2018,17095.0,0,0,0,0,76.05238011902246,64.22245222541348
426,"Knox County, IL",2019,17095.0,1,3,0,0,74.47307280781179,62.98245599781497
427,"Knox County, IL",2020,17095.0,0,0,0,0,75.33055309080983,63.34365598244785
428,"Knox County, IL",2021,17095.0,0,0,0,0,75.61232519728023,64.03571615061817
429,"Knox County, IL",2022,17095.0,1,0,0,0,74.90499839797258,62.95203289209889
430,"Knox County, IL",2023,17095.0,3,0,0,0,74.08158058727443,61.83056084784279
431,"Knox County, IL",2024,17095.0,3,0,0,0,74.61144927719904,63.254709155437425
432,"Lake County, IL",2016,17097.0,0,0,0,0,71.65372140747749,63.56773904024716
433,"Lake County, IL",2017,17097.0,0,0,0,0,69.00271935649003,60.48471941844145
434,"Lake County, IL",2018,17097.0,0,0,0,0,70.67392036879691,62.54475316104877
435,"Lake County, IL",2019,17097.0,0,0,0,0,69.1097547063036,60.59938282043749
436,"Lake County, IL",2020,17097.0,0,0,0,0,71.5252555127267,63.15379106540424
437,"Lake County, IL",2021,17097.0,0,0,0,0,71.41336377912727,63.430605249936356
438,"Lake County, IL",2022,17097.0,0,0,0,0,69.93092787378943,61.52462678746833
439,"Lake County, IL",2023,17097.0,2,0,0,0,69.09076234826593,60.99407750943546
440,"Lake County, IL",2024,17097.0,0,0,0,0,70.54442654114955,62.371605815986065
441,"Lasalle County, IL",2016,17099.0,1,2,0,0,75.28983177633853,63.75388873569149
442,"Lasalle County, IL",2017,17099.0,0,0,0,0,72.84912402142459,60.44233052742557
443,"Lasalle County, IL",2018,17099.0,2,3,0,0,75.32935032837906,63.31866653199122
444,"Lasalle County, IL",2019,17099.0,2,4,0,0,73.98317133736963,62.00141860697679
445,"Lasalle County, IL",2020,17099.0,0,0,0,0,74.934675878166,62.99059990591061
446,"Lasalle County, IL",2021,17099.0,1,0,0,0,75.14221510617853,63.908706971759685
447,"Lasalle County, IL",2022,17099.0,1,0,0,0,74.07867583916267,62.02559673124428
448,"Lasalle County, IL",2023,17099.0,3,0,0,0,73.38077060902803,61.04217440086604
449,"Lasalle County, IL",2024,17099.0,1,0,0,0,73.97246114644912,62.48350363781995
450,"Lawrence County, IL",2016,17101.0,1,1,0,0,78.00347054842636,67.90938902983872
451,"Lawrence County, IL",2017,17101.0,1,1,0,0,75.27652643557207,64.18654392170208
452,"Lawrence County, IL",2018,17101.0,0,0,0,0,77.34107540480178,67.1126847015579
453,"Lawrence County, IL",2019,17101.0,0,0,0,0,76.14955237481638,65.20546768724968
454,"Lawrence County, IL",2020,17101.0,0,0,0,0,76.5866297455153,66.05935768393951
455,"Lawrence County, IL",2021,17101.0,0,0,0,0,77.31226964379911,67.11944194043882
456,"Lawrence County, IL",2022,17101.0,3,0,0,0,76.87427075921445,66.09969252845201
457,"Lawrence County, IL",2023,17101.0,4,0,0,0,75.90218215018554,64.73438548413395
458,"Lawrence County, IL",2024,17101.0,0,0,0,0,76.23821476463252,64.7615669448988
459,"Lee County, IL",2016,17103.0,2,4,0,0,74.62987161259836,62.98704494586034
460,"Lee County, IL",2017,17103.0,0,0,0,0,72.3511293294027,59.60173530803076
461,"Lee County, IL",2018,17103.0,1,1,0,0,74.72689455749791,62.55299300501074
462,"Lee County, IL",2019,17103.0,1,1,0,0,73.34306339968963,61.38183835046605
463,"Lee County, IL",2020,17103.0,0,0,0,0,74.57248575216668,62.39934065449428
464,"Lee County, IL",2021,17103.0,1,0,0,0,74.69409716730739,63.102690210288486
465,"Lee County, IL",2022,17103.0,0,0,0,0,73.54393280907927,61.504101545102614
466,"Lee County, IL",2023,17103.0,3,0,0,0,72.89952292137988,60.44457122070494
467,"Lee County, IL",2024,17103.0,1,0,0,0,73.44649526989365,62.00480892147174
468,"Livingston County, IL",2016,17105.0,1,2,0,0,75.61009619573126,64.12520586968368
469,"Livingston County, IL",2017,17105.0,0,0,0,0,73.22222033680359,61.08969815165625
470,"Livingston County, IL",2018,17105.0,2,2,0,0,75.59749177993089,63.94813553018498
471,"Livingston County, IL",2019,17105.0,1,3,0,0,74.37776316196364,62.31724225893696
472,"Livingston County, IL",2020,17105.0,0,0,0,0,75.15281829465057,63.22430745120058
473,"Livingston County, IL",2021,17105.0,0,0,0,0,75.31740568367269,64.13635226381524
474,"Livingston County, IL",2022,17105.0,2,0,0,0,74.49055898217581,62.47845925690139
475,"Livingston County, IL",2023,17105.0,3,5,0,0,73.64755428650176,61.22594784449615
476,"Livingston County, IL",2024,17105.0,1,0,0,0,74.18462832812557,62.39860490635925
477,"Logan County, IL",2016,17107.0,2,4,0,0,76.68745345725301,65.4231432240761
478,"Logan County, IL",2017,17107.0,0,0,0,0,74.55004302508807,61.91257832271652
479,"Logan County, IL",2018,17107.0,1,1,0,0,76.47974061863708,64.71141785580252
480,"Logan County, IL",2019,17107.0,1,2,0,0,75.23415813807156,63.27332351807168
481,"Logan County, IL",2020,17107.0,0,0,0,0,75.87185765915837,63.85125143243966
482,"Logan County, IL",2021,17107.0,0,0,0,0,76.47206828886989,64.99362637971375
483,"Logan County, IL",2022,17107.0,2,0,0,0,75.69693661190283,63.63419928057987
484,"Logan County, IL",2023,17107.0,5,3,0,0,74.84072330701301,62.316970924277804
485,"Logan County, IL",2024,17107.0,2,0,0,0,75.32955564351577,63.40974348465786
486,"Macon County, IL",2016,17115.0,2,3,0,0,76.57676204128632,65.53301666242648
487,"Macon County, IL",2017,17115.0,0,0,0,0,74.47586069828691,62.21813511627781
488,"Macon County, IL",2018,17115.0,0,0,0,0,76.28268773479306,64.8806631332709
489,"Macon County, IL",2019,17115.0,0,0,0,0,75.09427747044825,63.48570474145277
490,"Macon County, IL",2020,17115.0,0,0,0,0,75.61512455419904,63.88910064005982
491,"Macon County, IL",2021,17115.0,0,0,0,0,76.34027882734497,65.23490954384903
492,"Macon County, IL",2022,17115.0,2,0,0,0,75.59813614995637,64.00624983923304
493,"Macon County, IL",2023,17115.0,4,0,0,0,74.7497738292838,62.513837940679295
494,"Macon County, IL",2024,17115.0,2,0,0,0,75.25035229150538,63.36479840785365
495,"Macoupin County, IL",2016,17117.0,2,6,0,0,77.58081109432375,66.99104288035812
496,"Macoupin County, IL",2017,17117.0,1,3,0,0,75.51728577963368,63.33174994777857
497,"Macoupin County, IL",2018,17117.0,0,0,0,0,77.10505407999821,66.20072000456275
498,"Macoupin County, IL",2019,17117.0,0,0,0,0,75.81679907449508,64.67053031268884
499,"Macoupin County, IL",2020,17117.0,0,0,0,0,76.56059159327548,65.05048999212292
500,"Macoupin County, IL",2021,17117.0,0,0,0,0,77.0173373521067,66.42598581467553
501,"Macoupin County, IL",2022,17117.0,2,0,0,0,76.66129585174049,65.37771176860845
502,"Macoupin County, IL",2023,17117.0,8,0,0,0,75.90974267320252,64.05641581365312
503,"Macoupin County, IL",2024,17117.0,2,0,0,0,76.20870097231023,64.8680375673039
504,"Madison County, IL",2016,17119.0,2,7,0,0,78.23855370707915,68.1717674305799
505,"Madison County, IL",2017,17119.0,1,3,0,0,76.02638061178118,64.66604315404423
506,"Madison County, IL",2018,17119.0,0,0,0,0,77.52739036033094,67.3649066937033
507,"Madison County, IL",2019,17119.0,0,0,0,0,76.36967596367603,65.97451745954405
508,"Madison County, IL",2020,17119.0,0,0,0,0,76.98638203736468,66.35129656908423
509,"Madison County, IL",2021,17119.0,0,0,0,0,77.40863251769697,67.51979323422383
510,"Madison County, IL",2022,17119.0,3,0,0,0,77.30421145745999,66.72837395638729
511,"Madison County, IL",2023,17119.0,8,0,0,0,76.59989647212345,65.52206549606099
512,"Madison County, IL",2024,17119.0,2,0,0,0,76.8379232498867,66.11101799061844
513,"Marion County, IL",2016,17121.0,2,5,0,0,78.15067952288601,68.21583346954543
514,"Marion County, IL",2017,17121.0,1,2,0,0,75.71099332939193,64.71215527935215
515,"Marion County, IL",2018,17121.0,0,0,0,0,77.44209088172808,67.37653834624304
516,"Marion County, IL",2019,17121.0,1,2,0,0,76.31397960040952,65.8263986724913
517,"Marion County, IL",2020,17121.0,1,1,0,0,76.75844830178391,66.40610187622312
518,"Marion County, IL",2021,17121.0,0,0,0,0,77.30299994821203,67.5437091933402
519,"Marion County, IL",2022,17121.0,3,0,0,0,77.1707735643799,66.54959558588477
520,"Marion County, IL",2023,17121.0,8,0,0,0,76.3274055772387,65.37240869829067
521,"Marion County, IL",2024,17121.0,1,0,0,0,76.56706176725656,65.58922012959559
522,"Marshall County, IL",2016,17123.0,2,4,0,0,75.75688428004966,64.84669067907495
523,"Marshall County, IL",2017,17123.0,0,0,0,0,73.5298741810969,61.148907310115945
524,"Marshall County, IL",2018,17123.0,2,2,0,0,75.82014725277114,64.1137154840448
525,"Marshall County, IL",2019,17123.0,1,3,0,0,74.37954246560658,62.827166251657
526,"Marshall County, IL",2020,17123.0,0,0,0,0,75.2947800216051,63.813186082543524
527,"Marshall County, IL",2021,17123.0,0,0,0,0,75.43129353548692,64.55639843938067
528,"Marshall County, IL",2022,17123.0,1,0,0,0,74.62023468133678,62.92961210844396
529,"Marshall County, IL",2023,17123.0,3,2,0,0,73.83862153776518,61.75132131865171
530,"Marshall County, IL",2024,17123.0,2,0,0,0,74.35584443907587,63.24535909021251
531,"Mason County, IL",2016,17125.0,3,7,0,0,77.05880818252945,65.96017738952695
532,"Mason County, IL",2017,17125.0,1,3,0,0,74.96453144628042,62.07190015549042
533,"Mason County, IL",2018,17125.0,2,2,0,0,76.87990065552391,65.14431262160205
534,"Mason County, IL",2019,17125.0,1,2,0,0,75.45079860021728,63.77660142773609
535,"Mason County, IL",2020,17125.0,0,0,0,0,76.20493198993792,64.19227415810316
536,"Mason County, IL",2021,17125.0,1,0,0,0,76.70888343428258,65.30522341037455
537,"Mason County, IL",2022,17125.0,3,0,0,0,75.98801954968873,64.00071861658147
538,"Mason County, IL",2023,17125.0,6,3,0,0,75.1308465663343,62.812779970228526
539,"Mason County, IL",2024,17125.0,2,0,0,0,75.57744197104577,64.02149966100967
540,"Massac County, IL",2016,17127.0,1,1,0,0,79.63721045437494,70.8423088783461
541,"Massac County, IL",2017,17127.0,0,0,0,0,76.8645850473278,66.97923411813308
542,"Massac County, IL",2018,17127.0,1,5,0,0,78.66353149492625,69.4052703878136
543,"Massac County, IL",2019,17127.0,0,0,0,0,77.42125149947468,67.70257222536488
544,"Massac County, IL",2020,17127.0,0,0,0,0,77.92470885152302,68.59200010484513
545,"Massac County, IL",2021,17127.0,0,0,0,0,78.09826560843017,68.89524963244693
546,"Massac County, IL",2022,17127.0,5,0,0,0,78.55099038953765,68.64545654516839
547,"Massac County, IL",2023,17127.0,7,0,0,0,77.62510916348197,67.47292780392664
548,"Massac County, IL",2024,17127.0,0,0,0,0,78.03962941980897,67.53654613374714
549,"Mcdonough County, IL",2016,17109.0,3,9,0,0,76.75829193224654,65.55084784304667
550,"Mcdonough County, IL",2017,17109.0,1,4,0,0,74.90197531528803,61.746980820430906
551,"Mcdonough County, IL",2018,17109.0,0,0,0,0,76.72170944825417,64.9247013921294
552,"Mcdonough County, IL",2019,17109.0,1,4,0,0,75.11262277927382,63.684198954356845
553,"Mcdonough County, IL",2020,17109.0,0,0,0,0,76.04806262716251,63.87662461319383
554,"Mcdonough County, IL",2021,17109.0,0,0,0,0,76.34151171670064,64.68284362396962
555,"Mcdonough County, IL",2022,17109.0,2,0,0,0,75.809914143584,63.738700746109814
556,"Mcdonough County, IL",2023,17109.0,6,0,0,0,74.94023768507806,62.707869257862164
557,"Mcdonough County, IL",2024,17109.0,3,0,0,0,75.38269346347853,63.781647491574084
558,"Mchenry County, IL",2016,17111.0,0,0,0,0,73.31831503026662,61.922600771289304
559,"Mchenry County, IL",2017,17111.0,0,0,0,0,70.95741149423077,59.22707505559762
560,"Mchenry County, IL",2018,17111.0,1,3,0,0,72.98750955439662,61.695791186456546
561,"Mchenry County, IL",2019,17111.0,1,1,0,0,71.95927943662801,60.34917068288782
562,"Mchenry County, IL",2020,17111.0,0,0,0,0,73.52480995041306,61.86770118914013
563,"Mchenry County, IL",2021,17111.0,0,0,0,0,73.55943156007419,62.57034427849454
564,"Mchenry County, IL",2022,17111.0,0,0,0,0,71.98514174093562,60.4755085113149
565,"Mchenry County, IL",2023,17111.0,2,0,0,0,71.42746329159925,59.842721587069306
566,"Mchenry County, IL",2024,17111.0,0,0,0,0,72.24024799924318,60.91271859119827
567,"Mclean County, IL",2016,17113.0,1,2,0,0,75.87780595807713,64.56976293730482
568,"Mclean County, IL",2017,17113.0,0,0,0,0,73.618264948242,61.370133257732384
569,"Mclean County, IL",2018,17113.0,0,0,0,0,75.77526294876499,64.10021561585799
570,"Mclean County, IL",2019,17113.0,1,2,0,0,74.54745331464873,62.6333380716804
571,"Mclean County, IL",2020,17113.0,0,0,0,0,75.2300106302952,63.487917993452434
572,"Mclean County, IL",2021,17113.0,0,0,0,0,75.58591614734647,64.39492682001355
573,"Mclean County, IL",2022,17113.0,1,0,0,0,74.82544753255783,62.84598226531675
574,"Mclean County, IL",2023,17113.0,2,5,0,0,73.95152247887927,61.53964020240155
575,"Mclean County, IL",2024,17113.0,2,0,0,0,74.44175861084443,62.6095817209516
576,"Menard County, IL",2016,17129.0,3,8,0,0,77.12271733228854,66.00582698497512
577,"Menard County, IL",2017,17129.0,1,2,0,0,75.07596497468208,62.15260861268039
578,"Menard County, IL",2018,17129.0,2,2,0,0,76.88277948026736,65.1618364467025
579,"Menard County, IL",2019,17129.0,1,1,0,0,75.50160766625851,63.73150088101413
580,"Menard County, IL",2020,17129.0,0,0,0,0,76.20419462280996,64.11799077830918
581,"Menard County, IL",2021,17129.0,1,0,0,0,76.84671797717562,65.3627395337746
582,"Menard County, IL",2022,17129.0,2,0,0,0,76.1290219454384,64.08016443648299
583,"Menard County, IL",2023,17129.0,6,0,0,0,75.2850701208237,62.79112006612352
584,"Menard County, IL",2024,17129.0,2,0,0,0,75.67033700617955,63.99377025217267
585,"Mercer County, IL",2016,17131.0,2,3,0,0,75.7874480241426,64.83065217874353
586,"Mercer County, IL",2017,17131.0,1,2,0,0,74.09658476583586,61.48435007968477
587,"Mercer County, IL",2018,17131.0,0,0,0,0,76.0916545892219,64.54418739521341
588,"Mercer County, IL",2019,17131.0,1,5,0,0,74.43721627995133,63.38025545741873
589,"Mercer County, IL",2020,17131.0,0,0,0,0,75.27511426313318,63.4005944390464
590,"Mercer County, IL",2021,17131.0,0,0,0,0,75.5999599483172,64.21686481273794
591,"Mercer County, IL",2022,17131.0,1,0,0,0,74.93657869120432,63.406588955575806
592,"Mercer County, IL",2023,17131.0,3,0,0,0,74.14141883604803,62.167820168839455
593,"Mercer County, IL",2024,17131.0,3,0,0,0,74.68249063944731,63.397909881134176
594,"Monroe County, IL",2016,17133.0,4,13,0,0,78.8605666805651,69.04672572513888
595,"Monroe County, IL",2017,17133.0,3,5,0,0,76.41032048736865,65.49112609652778
596,"Monroe County, IL",2018,17133.0,0,0,0,0,77.96050144311137,67.94362237992311
597,"Monroe County, IL",2019,17133.0,1,1,0,0,76.80310402169984,66.85298696676578
598,"Monroe County, IL",2020,17133.0,1,1,0,0,77.46099558728417,67.3272609434467
599,"Monroe County, IL",2021,17133.0,0,0,0,0,77.71285155652158,67.94185350410089
600,"Monroe County, IL",2022,17133.0,7,0,0,0,78.00757252260637,67.4241825728359
601,"Monroe County, IL",2023,17133.0,10,1,0,0,77.21356273267712,66.42402739671634
602,"Monroe County, IL",2024,17133.0,4,0,0,0,77.36163519378574,66.78950759945849
603,"Montgomery County, IL",2016,17135.0,2,5,0,0,77.45163903844359,66.89423605992803
604,"Montgomery County, IL",2017,17135.0,1,1,0,0,75.36500840087473,63.28567363379079
605,"Montgomery County, IL",2018,17135.0,0,0,0,0,76.97321177509691,66.20722349214547
606,"Montgomery County, IL",2019,17135.0,0,0,0,0,75.7178340990401,64.57090960011517
607,"Montgomery County, IL",2020,17135.0,0,0,0,0,76.31695786611616,64.98149993025119
608,"Montgomery County, IL",2021,17135.0,0,0,0,0,76.91669564880719,66.41760266929224
609,"Montgomery County, IL",2022,17135.0,2,0,0,0,76.49728587908797,65.36979366182884
610,"Montgomery County, IL",2023,17135.0,8,0,0,0,75.69610544927532,63.921972967509014
611,"Montgomery County, IL",2024,17135.0,2,0,0,0,76.06073648148332,64.62167941693505
612,"Morgan County, IL",2016,17137.0,2,6,0,0,77.37707242174393,66.44162473891996
613,"Morgan County, IL",2017,17137.0,2,3,0,0,75.34211637707801,62.559876673225475
614,"Morgan County, IL",2018,17137.0,1,1,0,0,77.03883810639277,65.59423932876794
615,"Morgan County, IL",2019,17137.0,0,0,0,0,75.58824778340974,64.17862571358606
616,"Morgan County, IL",2020,17137.0,0,0,0,0,76.42610104372912,64.48506341753203
617,"Morgan County, IL",2021,17137.0,1,0,0,0,76.97084450913593,65.72962928939701
618,"Morgan County, IL",2022,17137.0,2,0,0,0,76.47548675335615,64.53610287347568
619,"Morgan County, IL",2023,17137.0,7,0,0,0,75.67751704434637,63.39733192769704
620,"Morgan County, IL",2024,17137.0,2,0,0,0,75.96219993820382,64.476377582941
621,"Moultrie County, IL",2016,17139.0,2,3,0,0,76.64097622677514,65.80389012480683
622,"Moultrie County, IL",2017,17139.0,0,0,0,0,74.53753703124963,62.46326874334311
623,"Moultrie County, IL",2018,17139.0,0,0,0,0,76.32497809828544,65.32014550532442
624,"Moultrie County, IL",2019,17139.0,0,0,0,0,75.15559298490975,63.803519741784214
625,"Moultrie County, IL",2020,17139.0,0,0,0,0,75.51923951357101,64.11871806001183
626,"Moultrie County, IL",2021,17139.0,0,0,0,0,76.40823654192714,65.61859432825892
627,"Moultrie County, IL",2022,17139.0,2,0,0,0,75.69075502278073,64.51130453676934
628,"Moultrie County, IL",2023,17139.0,5,0,0,0,74.81986536110584,62.86977171073328
629,"Moultrie County, IL",2024,17139.0,2,0,0,0,75.3116420914791,63.46540747725821
630,"Ogle County, IL",2016,17141.0,2,3,0,0,74.14593900715982,62.5091507117646
631,"Ogle County, IL",2017,17141.0,0,0,0,0,71.89793788169547,59.32668567242634
632,"Ogle County, IL",2018,17141.0,1,1,0,0,74.17420678214394,62.17990410374344
633,"Ogle County, IL",2019,17141.0,0,0,0,0,72.8774979759521,61.0157023406499
634,"Ogle County, IL",2020,17141.0,0,0,0,0,74.25689690495577,62.07875498164721
635,"Ogle County, IL",2021,17141.0,1,0,0,0,74.40226444458915,62.777869188278736
636,"Ogle County, IL",2022,17141.0,0,0,0,0,73.0685119932028,61.05033710562841
637,"Ogle County, IL",2023,17141.0,2,0,0,0,72.51563711207355,60.13841279991629
638,"Ogle County, IL",2024,17141.0,0,0,0,0,73.0642312888123,61.510868274440966
639,"Peoria County, IL",2016,17143.0,2,4,0,0,76.10760618493332,65.30613035726455
640,"Peoria County, IL",2017,17143.0,1,1,0,0,74.04941160422514,61.49230584529676
641,"Peoria County, IL",2018,17143.0,0,0,0,0,76.16087671919902,64.52225958937031
642,"Peoria County, IL",2019,17143.0,1,3,0,0,74.65564522160658,63.258846416154945
643,"Peoria County, IL",2020,17143.0,0,0,0,0,75.54164744948991,63.949237358227194
644,"Peoria County, IL",2021,17143.0,0,0,0,0,75.74012835842541,64.6750029207721
645,"Peoria County, IL",2022,17143.0,1,0,0,0,75.01535271108801,63.2931674131187
646,"Peoria County, IL",2023,17143.0,3,3,0,0,74.1718559119781,62.17875329141038
647,"Peoria County, IL",2024,17143.0,2,0,0,0,74.6965881179826,63.61442701915338
648,"Perry County, IL",2016,17145.0,3,6,0,0,78.94058714859422,69.41522843423097
649,"Perry County, IL",2017,17145.0,3,6,0,0,76.40886672770023,66.01170423188502
650,"Perry County, IL",2018,17145.0,0,0,0,0,78.0621941215083,68.34797383417362
651,"Perry County, IL",2019,17145.0,1,1,0,0,76.9148144724076,66.94741196998595
652,"Perry County, IL",2020,17145.0,1,1,0,0,77.53876811852288,67.77323865388031
653,"Perry County, IL",2021,17145.0,0,0,0,0,77.79502109606946,68.27513786020178
654,"Perry County, IL",2022,17145.0,6,0,0,0,77.92856536088526,67.62098806910237
655,"Perry County, IL",2023,17145.0,9,0,0,0,77.17218455932486,66.62664377236374
656,"Perry County, IL",2024,17145.0,4,0,0,0,77.3808235887125,66.8227064907791
657,"Piatt County, IL",2016,17147.0,1,2,0,0,76.2788049168168,65.06994813148538
658,"Piatt County, IL",2017,17147.0,0,0,0,0,74.15089923808537,61.901791813809844
659,"Piatt County, IL",2018,17147.0,0,0,0,0,76.0410058244082,64.58460976541697
660,"Piatt County, IL",2019,17147.0,0,0,0,0,74.86663510444043,63.148700754390894
661,"Piatt County, IL",2020,17147.0,0,0,0,0,75.33049294463376,63.62412532937032
662,"Piatt County, IL",2021,17147.0,0,0,0,0,76.02641231352898,64.84880942800567
663,"Piatt County, IL",2022,17147.0,2,0,0,0,75.28977021536781,63.67882172264613
664,"Piatt County, IL",2023,17147.0,4,0,0,0,74.39405508486796,62.06987447385589
665,"Piatt County, IL",2024,17147.0,2,0,0,0,74.83594208274951,62.77175950639045
666,"Pike County, IL",2016,17149.0,3,8,0,0,77.58340926542682,66.7091556912264
667,"Pike County, IL",2017,17149.0,3,9,0,0,75.6382827200283,63.10027812690437
668,"Pike County, IL",2018,17149.0,0,0,0,0,77.34552221032976,66.19874814719384
669,"Pike County, IL",2019,17149.0,1,1,0,0,75.78744434825693,64.78394114862334
670,"Pike County, IL",2020,17149.0,0,0,0,0,76.77159982863023,65.11721640757692
671,"Pike County, IL",2021,17149.0,0,0,0,0,77.13071863675202,66.21155218207012
672,"Pike County, IL",2022,17149.0,3,0,0,0,76.87138233759273,65.30701592906357
673,"Pike County, IL",2023,17149.0,7,0,0,0,76.06417855905218,64.30340634222425
674,"Pike County, IL",2024,17149.0,3,0,0,0,76.15936912853294,64.94204628569119
675,"Pope County, IL",2016,17151.0,1,1,0,0,79.29867721473418,70.23397799698047
676,"Pope County, IL",2017,17151.0,0,0,0,0,76.57106518007394,66.41010668029675
677,"Pope County, IL",2018,17151.0,1,3,0,0,78.3877852487667,68.79995649015832
678,"Pope County, IL",2019,17151.0,1,1,0,0,77.16739963467953,67.11978412134256
679,"Pope County, IL",2020,17151.0,1,1,0,0,77.69866311553214,68.03182043724601
680,"Pope County, IL",2021,17151.0,0,0,0,0,77.91706394399485,68.40437659441504
681,"Pope County, IL",2022,17151.0,3,0,0,0,78.17813373852744,68.03199285815745
682,"Pope County, IL",2023,17151.0,6,0,0,0,77.26284617038637,66.80130880897876
683,"Pope County, IL",2024,17151.0,0,0,0,0,77.73829461287782,66.88659765154149
684,"Pulaski County, IL",2016,17153.0,1,3,0,0,79.75551422479258,70.97281831322785
685,"Pulaski County, IL",2017,17153.0,0,0,0,0,76.91650612767641,67.06926910679773
686,"Pulaski County, IL",2018,17153.0,1,5,0,0,78.69820815230668,69.49210231779878
687,"Pulaski County, IL",2019,17153.0,1,1,0,0,77.44010837038104,67.8159920094484
688,"Pulaski County, IL",2020,17153.0,1,2,0,0,77.98284538531124,68.74896811138623
689,"Pulaski County, IL",2021,17153.0,0,0,0,0,78.14121834876367,69.0116892113665
690,"Pulaski County, IL",2022,17153.0,6,0,0,0,78.61773707417214,68.72508595387228
691,"Pulaski County, IL",2023,17153.0,8,0,0,0,77.85721669464448,67.62343235204168
692,"Pulaski County, IL",2024,17153.0,3,0,0,0,78.10579980058397,67.81202133677473
693,"Putnam County, IL",2016,17155.0,2,4,0,0,75.51634953007836,64.44522782583972
694,"Putnam County, IL",2017,17155.0,0,0,0,0,73.24983277053096,60.83215544487855
695,"Putnam County, IL",2018,17155.0,2,2,0,0,75.62709497920103,63.8186672770201
696,"Putnam County, IL",2019,17155.0,1,3,0,0,74.15768827813342,62.57294580285512
697,"Putnam County, IL",2020,17155.0,0,0,0,0,75.12537341623951,63.548606002306265
698,"Putnam County, IL",2021,17155.0,1,0,0,0,75.27907497910476,64.37018045673827
699,"Putnam County, IL",2022,17155.0,1,0,0,0,74.37010332154368,62.71372337999843
700,"Putnam County, IL",2023,17155.0,3,0,0,0,73.63867734798244,61.46754759618425
701,"Putnam County, IL",2024,17155.0,2,0,0,0,74.18708200736901,63.0324570849903
702,"Randolph County, IL",2016,17157.0,4,8,0,0,78.96912869777901,69.22877494212382
703,"Randolph County, IL",2017,17157.0,3,5,0,0,76.47737845810029,65.681785311093
704,"Randolph County, IL",2018,17157.0,0,0,0,0,78.08954193913698,68.11089020829563
705,"Randolph County, IL",2019,17157.0,1,1,0,0,76.9312389872177,66.82406047414442
706,"Randolph County, IL",2020,17157.0,1,1,0,0,77.57905581885935,67.4992340505914
707,"Randolph County, IL",2021,17157.0,0,0,0,0,77.821722779975,67.95023705943957
708,"Randolph County, IL",2022,17157.0,7,0,0,0,78.05284137733965,67.39452100447654
709,"Randolph County, IL",2023,17157.0,9,0,0,0,77.31288444152118,66.42647353754379
710,"Randolph County, IL",2024,17157.0,4,0,0,0,77.45425062164603,66.78380185617071
711,"Richland County, IL",2016,17159.0,1,2,0,0,78.0601608087422,67.98783478460585
712,"Richland County, IL",2017,17159.0,1,1,0,0,75.47486057833946,64.3334408202902
713,"Richland County, IL",2018,17159.0,0,0,0,0,77.41562393563852,67.09521290767857
714,"Richland County, IL",2019,17159.0,0,0,0,0,76.22683461396382,65.4217665683491
715,"Richland County, IL",2020,17159.0,1,1,0,0,76.66845048975178,66.18427844595621
716,"Richland County, IL",2021,17159.0,0,0,0,0,77.40407311611726,67.2772078588168
717,"Richland County, IL",2022,17159.0,4,0,0,0,77.0016023071275,66.22596053211954
718,"Richland County, IL",2023,17159.0,4,0,0,0,76.08803425082327,64.9361346130619
719,"Richland County, IL",2024,17159.0,0,0,0,0,76.35602895363456,64.96046559688257
720,"Rock Island County, IL",2016,17161.0,2,3,0,0,75.47926745461744,64.46729803198654
721,"Rock Island County, IL",2017,17161.0,0,0,0,0,73.67209044055492,61.14621986246984
722,"Rock Island County, IL",2018,17161.0,0,0,0,0,75.72244002739393,64.17423755038791
723,"Rock Island County, IL",2019,17161.0,1,5,0,0,74.20466976844446,63.10322811468551
724,"Rock Island County, IL",2020,17161.0,0,0,0,0,75.08226130331681,63.25121899365707
725,"Rock Island County, IL",2021,17161.0,1,0,0,0,75.3945036616096,64.00742814614549
726,"Rock Island County, IL",2022,17161.0,1,0,0,0,74.53017558550916,63.02658667891801
727,"Rock Island County, IL",2023,17161.0,3,0,0,0,73.86370573449761,61.922194076323606
728,"Rock Island County, IL",2024,17161.0,3,0,0,0,74.37517123088647,63.14091142395804
729,"Saline County, IL",2016,17165.0,1,3,0,0,79.10831176496048,69.65567294554559
730,"Saline County, IL",2017,17165.0,1,1,0,0,76.4050248382264,66.03251132534055
731,"Saline County, IL",2018,17165.0,0,0,0,0,78.215717665381,68.37441780527102
732,"Saline County, IL",2019,17165.0,1,2,0,0,77.04794992065106,66.79298634620852
733,"Saline County, IL",2020,17165.0,1,2,0,0,77.51550483364358,67.64288334392148
734,"Saline County, IL",2021,17165.0,0,0,0,0,77.8350530767088,68.12219871878297
735,"Saline County, IL",2022,17165.0,3,0,0,0,77.86882671274216,67.59420120568659
736,"Saline County, IL",2023,17165.0,8,0,0,0,77.04213337426458,66.40496204464685
737,"Saline County, IL",2024,17165.0,0,0,0,0,77.3628520738508,66.43521752774267
738,"Sangamon County, IL",2016,17167.0,2,6,0,0,77.13154017660852,66.15320733671474
739,"Sangamon County, IL",2017,17167.0,1,1,0,0,75.05144516305985,62.467045428137574
740,"Sangamon County, IL",2018,17167.0,0,0,0,0,76.7976402069463,65.33228492769842
741,"Sangamon County, IL",2019,17167.0,0,0,0,0,75.46880933089567,63.865925679656634
742,"Sangamon County, IL",2020,17167.0,0,0,0,0,76.1767355708809,64.2448830824271
743,"Sangamon County, IL",2021,17167.0,1,0,0,0,76.82721632636985,65.59589154110733
744,"Sangamon County, IL",2022,17167.0,2,0,0,0,76.20453855607249,64.31168415990811
745,"Sangamon County, IL",2023,17167.0,7,0,0,0,75.34853492976147,62.99346399866108
746,"Sangamon County, IL",2024,17167.0,2,0,0,0,75.75205681901089,64.10679171014431
747,"Schuyler County, IL",2016,17169.0,3,9,0,0,77.11824860406674,65.98080803337176
748,"Schuyler County, IL",2017,17169.0,2,6,0,0,75.19209794064984,62.13712318475974
749,"Schuyler County, IL",2018,17169.0,0,0,0,0,76.98157123789092,65.350321656088
750,"Schuyler County, IL",2019,17169.0,1,3,0,0,75.41943918964155,64.12382456516947
751,"Schuyler County, IL",2020,17169.0,0,0,0,0,76.33417147554073,64.2372056739678
752,"Schuyler County, IL",2021,17169.0,0,0,0,0,76.73397453119306,65.24739203401177
753,"Schuyler County, IL",2022,17169.0,3,0,0,0,76.20102634825822,64.23325191762812
754,"Schuyler County, IL",2023,17169.0,7,0,0,0,75.35071117557526,63.216648187183814
755,"Schuyler County, IL",2024,17169.0,3,0,0,0,75.69784598599516,64.20001799636113
756,"Scott County, IL",2016,17171.0,3,8,0,0,77.51187681630933,66.64880567557178
757,"Scott County, IL",2017,17171.0,2,6,0,0,75.50699208977647,62.80746726788187
758,"Scott County, IL",2018,17171.0,1,1,0,0,77.20007540544349,65.8821121033674
759,"Scott County, IL",2019,17171.0,0,0,0,0,75.725317287004,64.49205113620768
760,"Scott County, IL",2020,17171.0,0,0,0,0,76.6175689712836,64.78722561859713
761,"Scott County, IL",2021,17171.0,0,0,0,0,77.08276152414582,65.96451500972833
762,"Scott County, IL",2022,17171.0,3,0,0,0,76.68542224917553,64.89914221353354
763,"Scott County, IL",2023,17171.0,7,0,0,0,75.88287067834425,63.839155768203725
764,"Scott County, IL",2024,17171.0,2,0,0,0,76.10512308649974,64.73877672526531
765,"Shelby County, IL",2016,17173.0,2,4,0,0,77.04919961870189,66.35015092788112
766,"Shelby County, IL",2017,17173.0,0,0,0,0,74.90915488083074,62.861852103905946
767,"Shelby County, IL",2018,17173.0,0,0,0,0,76.67653305687462,65.86311691337627
768,"Shelby County, IL",2019,17173.0,0,0,0,0,75.45327787948386,64.27668589860694
769,"Shelby County, IL",2020,17173.0,0,0,0,0,75.85352364243484,64.58545216399003
770,"Shelby County, IL",2021,17173.0,0,0,0,0,76.70938114884541,66.10482163696753
771,"Shelby County, IL",2022,17173.0,2,0,0,0,76.08164197333849,64.93756779838256
772,"Shelby County, IL",2023,17173.0,4,0,0,0,75.22584639330566,63.45259702227918
773,"Shelby County, IL",2024,17173.0,1,0,0,0,75.67124492778709,64.01534771465045
774,"St. Clair County, IL",2016,17163.0,4,11,0,0,78.76507886205431,68.84134669925017
775,"St. Clair County, IL",2017,17163.0,2,3,0,0,76.32589571795157,65.36135110746245
776,"St. Clair County, IL",2018,17163.0,0,0,0,0,77.85495669076614,67.89453134571771
777,"St. Clair County, IL",2019,17163.0,0,0,0,0,76.7455478349788,66.62442827774969
778,"St. Clair County, IL",2020,17163.0,1,1,0,0,77.36333313005663,67.101718532778
779,"St. Clair County, IL",2021,17163.0,0,0,0,0,77.70314381686268,67.94612362386133
780,"St. Clair County, IL",2022,17163.0,5,0,0,0,77.85154808653645,67.29333910521765
781,"St. Clair County, IL",2023,17163.0,10,0,0,0,77.09481475685448,66.2195170911301
782,"St. Clair County, IL",2024,17163.0,4,0,0,0,77.29639620296733,66.69998562875207
783,"Stark County, IL",2016,17175.0,2,4,0,0,75.61818810237642,64.70728014785848
784,"Stark County, IL",2017,17175.0,0,0,0,0,73.59695197733161,60.869040359895784
785,"Stark County, IL",2018,17175.0,0,0,0,0,75.78116702002463,63.929544030680844
786,"Stark County, IL",2019,17175.0,1,3,0,0,74.23472106468152,62.75401197671464
787,"Stark County, IL",2020,17175.0,0,0,0,0,75.15603559735293,63.44613457958374
788,"Stark County, IL",2021,17175.0,1,0,0,0,75.35079638172009,64.05251299738488
789,"Stark County, IL",2022,17175.0,1,0,0,0,74.5709031571632,62.72447317193163
790,"Stark County, IL",2023,17175.0,3,0,0,0,73.78703616393905,61.60138923891827
791,"Stark County, IL",2024,17175.0,2,0,0,0,74.28530487110146,63.1583828486825
792,"Stephenson County, IL",2016,17177.0,1,1,0,0,73.71800277129375,62.065870387748674
793,"Stephenson County, IL",2017,17177.0,0,0,0,0,71.6182065454175,59.05363644540164
794,"Stephenson County, IL",2018,17177.0,1,1,0,0,73.7136728043352,61.758780994829415
795,"Stephenson County, IL",2019,17177.0,1,0,0,0,72.49865570136339,60.637160385355074
796,"Stephenson County, IL",2020,17177.0,0,0,0,0,73.8483552547751,61.56007518028623
797,"Stephenson County, IL",2021,17177.0,0,0,0,0,73.98280832536098,62.036992366534385
798,"Stephenson County, IL",2022,17177.0,0,0,0,0,72.66174978975114,60.5868108490858
799,"Stephenson County, IL",2023,17177.0,2,0,0,0,72.34907350529026,59.75516223509011
800,"Stephenson County, IL",2024,17177.0,1,0,0,0,72.7081544259454,61.09658734397643
801,"Tazewell County, IL",2016,17179.0,1,2,0,0,76.36698391642246,65.29253273512944
802,"Tazewell County, IL",2017,17179.0,0,0,0,0,74.20133336053996,61.59863436913495
803,"Tazewell County, IL",2018,17179.0,1,1,0,0,76.2990481309346,64.54952174588244
804,"Tazewell County, IL",2019,17179.0,1,2,0,0,74.92411480773866,63.13439525791877
805,"Tazewell County, IL",2020,17179.0,0,0,0,0,75.70209177416602,63.90665713823346
806,"Tazewell County, IL",2021,17179.0,1,0,0,0,76.0207898312498,64.81725127786251
807,"Tazewell County, IL",2022,17179.0,1,0,0,0,75.29578991409569,63.34900641700558
808,"Tazewell County, IL",2023,17179.0,4,5,0,0,74.43301145478469,62.14466707105493
809,"Tazewell County, IL",2024,17179.0,2,1,0,0,74.9219622261243,63.43244338764503
810,"Union County, IL",2016,17181.0,1,3,0,0,79.39998189770581,69.96800415180566
811,"Union County, IL",2017,17181.0,0,0,0,0,76.65301626033498,66.20602755357639
812,"Union County, IL",2018,17181.0,1,2,0,0,78.3611390582439,68.60147672418104
813,"Union County, IL",2019,17181.0,2,2,0,0,77.18832043407153,67.0437787303792
814,"Union County, IL",2020,17181.0,1,2,0,0,77.76218632923089,67.94437518791094
815,"Union County, IL",2021,17181.0,0,0,0,0,77.97092005614931,68.18759607969805
816,"Union County, IL",2022,17181.0,7,0,0,0,78.22295511276916,67.7801953708911
817,"Union County, IL",2023,17181.0,7,2,0,0,77.5605279989602,66.77570114878644
818,"Union County, IL",2024,17181.0,1,0,0,0,77.85433724132004,67.0272386336817
819,"Vermilion County, IL",2016,17183.0,1,1,0,0,75.87505317631482,64.5372677859993
820,"Vermilion County, IL",2017,17183.0,0,0,0,0,73.73186511290471,61.679659515982756
821,"Vermilion County, IL",2018,17183.0,0,0,0,0,75.80117915777362,64.60253735244555
822,"Vermilion County, IL",2019,17183.0,2,3,0,0,74.7321134755241,62.87121529290749
823,"Vermilion County, IL",2020,17183.0,0,0,0,0,75.1722369383806,63.56732548562868
824,"Vermilion County, IL",2021,17183.0,0,0,0,0,75.63116307542697,64.57658357141692
825,"Vermilion County, IL",2022,17183.0,2,0,0,0,74.96071126380495,63.46734760725611
826,"Vermilion County, IL",2023,17183.0,2,1,0,0,74.00128963157768,61.68580758866734
827,"Vermilion County, IL",2024,17183.0,0,0,0,0,74.34500211454038,62.21355867208346
828,"Wabash County, IL",2016,17185.0,1,1,0,0,78.43267681214556,68.66423139051078
829,"Wabash County, IL",2017,17185.0,1,1,0,0,75.61545143093288,64.84832902262272
830,"Wabash County, IL",2018,17185.0,0,0,0,0,77.60685381186211,67.68117490030717
831,"Wabash County, IL",2019,17185.0,0,0,0,0,76.44572112263414,65.72946611591986
832,"Wabash County, IL",2020,17185.0,1,2,0,0,76.91182055850301,66.70252215301115
833,"Wabash County, IL",2021,17185.0,0,0,0,0,77.56468684240069,67.74587526773908
834,"Wabash County, IL",2022,17185.0,4,0,0,0,77.23043911307933,66.73732933585502
835,"Wabash County, IL",2023,17185.0,4,0,0,0,76.23176959364318,65.30572821321806
836,"Wabash County, IL",2024,17185.0,0,0,0,0,76.6181643822749,65.3524466913328
837,"Warren County, IL",2016,17187.0,2,3,0,0,76.09459532472422,65.02158895948074
838,"Warren County, IL",2017,17187.0,1,4,0,0,74.35178575591848,61.40513806718246
839,"Warren County, IL",2018,17187.0,0,0,0,0,76.26776441979338,64.47491204289206
840,"Warren County, IL",2019,17187.0,1,3,0,0,74.6095103232028,63.23460769557496
841,"Warren County, IL",2020,17187.0,0,0,0,0,75.50435467832165,63.40450963927748
842,"Warren County, IL",2021,17187.0,0,0,0,0,75.79189513835871,64.1361132852003
843,"Warren County, IL",2022,17187.0,1,0,0,0,75.177710444268,63.2419701718462
844,"Warren County, IL",2023,17187.0,4,0,0,0,74.33747799467825,62.081766765943286
845,"Warren County, IL",2024,17187.0,3,0,0,0,74.87874672011534,63.387605203300815
846,"Washington County, IL",2016,17189.0,3,6,0,0,78.71726692967857,68.977199419315
847,"Washington County, IL",2017,17189.0,2,3,0,0,76.18989904880948,65.5443062877897
848,"Washington County, IL",2018,17189.0,0,0,0,0,77.82067350487603,68.04090205346809
849,"Washington County, IL",2019,17189.0,1,1,0,0,76.69962679239612,66.61360733840196
850,"Washington County, IL",2020,17189.0,1,2,0,0,77.28237834326373,67.29342100713495
851,"Washington County, IL",2021,17189.0,0,0,0,0,77.65178871620218,68.08872540183164
852,"Washington County, IL",2022,17189.0,5,0,0,0,77.75252773482246,67.33680866210439
853,"Washington County, IL",2023,17189.0,9,0,0,0,76.95396938353261,66.28297310763892
854,"Washington County, IL",2024,17189.0,2,0,0,0,77.18890160563237,66.56777606555075
855,"Wayne County, IL",2016,17191.0,1,3,0,0,78.51576835248422,68.45726162173983
856,"Wayne County, IL",2017,17191.0,1,1,0,0,75.92095201098644,64.73240924603759
857,"Wayne County, IL",2018,17191.0,0,0,0,0,77.73225810968268,67.39236542995184
858,"Wayne County, IL",2019,17191.0,1,2,0,0,76.60019434757524,65.72461159464594
859,"Wayne County, IL",2020,17191.0,1,2,0,0,77.07026507809937,66.56651905144075
860,"Wayne County, IL",2021,17191.0,0,0,0,0,77.63360695184106,67.61999862493977
861,"Wayne County, IL",2022,17191.0,4,0,0,0,77.42564341758144,66.51263429640787
862,"Wayne County, IL",2023,17191.0,9,0,0,0,76.57445556674305,65.40188168761028
863,"Wayne County, IL",2024,17191.0,0,0,0,0,76.78031550826844,65.33919898785207
864,"White County, IL",2016,17193.0,1,2,0,0,78.91380476199576,69.15684170494944
865,"White County, IL",2017,17193.0,1,1,0,0,76.11985324727131,65.3599615130759
866,"White County, IL",2018,17193.0,0,0,0,0,78.03325394007561,67.98185755121251
867,"White County, IL",2019,17193.0,1,1,0,0,76.87879705796959,66.17003172887212
868,"White County, IL",2020,17193.0,1,2,0,0,77.35718692180741,67.18470224385801
869,"White County, IL",2021,17193.0,0,0,0,0,77.80307310356676,67.99415219323845
870,"White County, IL",2022,17193.0,4,0,0,0,77.68976574400972,67.09153787846277
871,"White County, IL",2023,17193.0,5,0,0,0,76.77390432717839,65.80414151643059
872,"White County, IL",2024,17193.0,0,0,0,0,77.08135968145314,65.72258241340012
873,"Whiteside County, IL",2016,17195.0,2,4,0,0,75.08010149907443,63.830103303704995
874,"Whiteside County, IL",2017,17195.0,0,0,0,0,73.03705409919053,60.270493685756236
875,"Whiteside County, IL",2018,17195.0,1,1,0,0,75.26125920844088,63.25443177615566
876,"Whiteside County, IL",2019,17195.0,1,2,0,0,73.8354657565656,62.15921929362808
877,"Whiteside County, IL",2020,17195.0,0,0,0,0,74.95368153034761,62.916439655293445
878,"Whiteside County, IL",2021,17195.0,1,0,0,0,75.12035560647305,63.4367234611798
879,"Whiteside County, IL",2022,17195.0,0,0,0,0,74.06618391349254,62.22171306392961
880,"Whiteside County, IL",2023,17195.0,3,0,0,0,73.49894595578326,61.207727275212086
881,"Whiteside County, IL",2024,17195.0,2,0,0,0,74.03030438788525,62.67941970454094
882,"Will County, IL",2016,17197.0,0,0,0,0,74.97021280942471,63.4436562105538
883,"Will County, IL",2017,17197.0,0,0,0,0,72.3696101818139,60.710780009084026
884,"Will County, IL",2018,17197.0,1,2,0,0,74.86955348872368,63.45852962115701
885,"Will County, IL",2019,17197.0,2,2,0,0,73.50959201986079,61.848678416047235
886,"Will County, IL",2020,17197.0,0,0,0,0,74.72986290352551,62.97834547368871
887,"Will County, IL",2021,17197.0,1,0,0,0,74.68670022286481,63.92605982720347
888,"Will County, IL",2022,17197.0,1,0,0,0,73.55551052132513,61.971363603550344
889,"Will County, IL",2023,17197.0,2,0,0,0,72.60458600940724,60.91673475579396
890,"Will County, IL",2024,17197.0,1,0,0,0,73.59526478144406,62.04105653016955
891,"Williamson County, IL",2016,17199.0,1,3,0,0,79.10080111731432,69.84127245432846
892,"Williamson County, IL",2017,17199.0,1,1,0,0,76.47111362457676,66.37219219783128
893,"Williamson County, IL",2018,17199.0,0,0,0,0,78.1921214171524,68.61266013729788
894,"Williamson County, IL",2019,17199.0,1,2,0,0,77.06607061753853,67.13068725413913
895,"Williamson County, IL",2020,17199.0,1,1,0,0,77.56169340100132,67.97465343758734
896,"Williamson County, IL",2021,17199.0,0,0,0,0,77.81847288233487,68.316030204375
897,"Williamson County, IL",2022,17199.0,4,0,0,0,77.94475977156029,67.8596530645174
898,"Williamson County, IL",2023,17199.0,8,0,0,0,77.18132355110988,66.84079890466298
899,"Williamson County, IL",2024,17199.0,0,0,0,0,77.45007011115648,66.88751664079084
900,"Winnebago County, IL",2016,17201.0,1,2,0,0,73.79668759367887,61.9132064462659
901,"Winnebago County, IL",2017,17201.0,0,0,0,0,71.53070177240281,58.96293018874381
902,"Winnebago County, IL",2018,17201.0,1,1,0,0,73.6906504916088,61.7007783768534
903,"Winnebago County, IL",2019,17201.0,0,0,0,0,72.50466608663982,60.686141870233534
904,"Winnebago County, IL",2020,17201.0,0,0,0,0,73.96437891448862,61.68295361754333
905,"Winnebago County, IL",2021,17201.0,0,0,0,0,74.14218979385421,62.371071875008354
906,"Winnebago County, IL",2022,17201.0,0,0,0,0,72.6443641905058,60.560357227208364
907,"Winnebago County, IL",2023,17201.0,2,0,0,0,72.18392915729751,59.80675502293
908,"Winnebago County, IL",2024,17201.0,1,0,0,0,72.67154110227445,60.96755420461929
909,"Woodford County, IL",2016,17203.0,1,2,0,0,75.86827066205342,64.76615245227035
910,"Woodford County, IL",2017,17203.0,0,0,0,0,73.61278976759037,61.188713699113116
911,"Woodford County, IL",2018,17203.0,0,0,0,0,75.8641036981282,64.08174132635962
912,"Woodford County, IL",2019,17203.0,1,3,0,0,74.49109484473838,62.63598240417776
913,"Woodford County, IL",2020,17203.0,0,0,0,0,75.3364523018846,63.67543341713106
914,"Woodford County, IL",2021,17203.0,0,0,0,0,75.52113851875916,64.44536375110438
915,"Woodford County, IL",2022,17203.0,1,0,0,0,74.74997828310275,62.82968952155347
916,"Woodford County, IL",2023,17203.0,2,5,0,0,73.9237292504513,61.62217147120825
917,"Woodford County, IL",2024,17203.0,2,0,0,0,74.41098829509939,63.01722321482491
